U in s2,Po  in s2,In  in s2,Re  in s2,group,decisions,goals
0.7887149542876672,7.832220246243684,0.8282828282828283,0.030000000000000075,0,"[0.09994374 0.09999302 0.1        0.1        0.1        0.1
 0.1        0.1        0.1        0.1        0.1        0.1
 0.1        0.08977692 0.1        0.09998763 0.1        0.1
 0.1        0.09994374 0.09994374 0.1        0.09996908 0.09994374
 0.09994374 0.0999663  0.09998238 0.1        0.09994374 0.09994374
 0.09995161 0.1        0.09994374 0.09995091 0.09998052 0.09994374
 0.1        0.09998188 0.1        0.1        0.09994925 0.09994374
 0.1        0.1        0.1        0.0001     0.1        0.1
 0.1        0.0999681  0.09994374 0.05349683 0.02949781 0.09994374
 0.1        0.09997885 0.09994374 0.09994374 0.09994374 0.1
 0.0001     0.09994374 0.09999896 0.09998551 0.09994374 0.09994374
 0.06311898 0.09994374 0.09994374 0.09997917 0.1        0.1
 0.1        0.1        0.1        0.09994374 0.1        0.1
 0.09999179 0.09994374 0.1        0.1        0.0001     0.09999201
 0.1        0.09999717 0.09994374 0.09995352 0.05564634 0.1
 0.09994374 0.09994374 0.09997292 0.04093223 0.09994374 0.09994374
 0.09999767 0.0001     0.09994374 0.09996416]",[[-0.80212866  7.84326827 -1.         -0.03      ]]
0.0008031919787846515,0.11068333346008294,1.0,1.0000000000000007,1,"[0.00010029 0.00010029 0.0001     0.0001     0.00010029 0.00010029
 0.00010029 0.0001     0.00010016 0.0001     0.0001     0.00010029
 0.00010029 0.0001     0.0001     0.0001     0.00010004 0.00010029
 0.00010029 0.0001     0.0001     0.0001     0.0001     0.0001
 0.0001     0.00010029 0.00010029 0.0001     0.0001     0.00010012
 0.00010029 0.00010006 0.0001     0.00010029 0.0001     0.00010005
 0.00010029 0.00010029 0.0001     0.0001     0.00010022 0.00010029
 0.00010029 0.0001     0.00010029 0.00010029 0.0001     0.0001
 0.00010029 0.0001     0.00010011 0.0001     0.00010001 0.0001
 0.00010026 0.0001     0.0001     0.0001     0.00010021 0.00010029
 0.0001     0.00010011 0.00010003 0.0001     0.0001     0.0001
 0.0001     0.0001     0.0001     0.0001     0.0001     0.00010029
 0.0001     0.0001     0.0001     0.0001     0.0001     0.00010029
 0.0001     0.0001     0.0001     0.0001     0.00010029 0.0001
 0.00010016 0.0001     0.0001     0.00010029 0.0001     0.00010028
 0.00010029 0.0001     0.0001     0.0001     0.0001     0.00010029
 0.0001     0.0001     0.0001     0.00010029]",[[-8.02128655e-04  1.10246550e-01 -1.00000000e+00 -1.00000000e+00]]
0.012370575162602364,0.14076872066203655,1.0,1.0000000000000007,2,"[0.00145061 0.00163989 0.00154164 0.00173232 0.00144989 0.00183238
 0.00164029 0.00145479 0.00136378 0.00145151 0.00163725 0.00135639
 0.00163931 0.00148082 0.00163494 0.00154721 0.00182901 0.00154668
 0.0014516  0.00164264 0.00135688 0.00106424 0.00142062 0.00139606
 0.00144998 0.00164215 0.00146421 0.00163891 0.00154796 0.00145178
 0.00183017 0.00164466 0.00126063 0.00135729 0.00145001 0.0015446
 0.00135998 0.00154713 0.00152363 0.00131881 0.0014494  0.00201213
 0.00144772 0.00154286 0.00158307 0.00182611 0.00169759 0.00164059
 0.00192471 0.00163524 0.00162218 0.00140747 0.0014551  0.0016408
 0.00173316 0.00164285 0.00135714 0.00164042 0.00154365 0.00116319
 0.00154775 0.00145009 0.00144409 0.00135564 0.00144339 0.00141991
 0.00098853 0.00154588 0.00192015 0.00202495 0.00135199 0.0016492
 0.00154602 0.00123248 0.00176204 0.00163841 0.00135519 0.00145333
 0.00145124 0.00171731 0.00145285 0.00168359 0.00155092 0.00145438
 0.00203757 0.00154652 0.00153922 0.00169292 0.00191759 0.00163403
 0.00152531 0.00140763 0.00154745 0.00171132 0.00191907 0.00154537
 0.00154665 0.00126905 0.00144628 0.00173888]",[[-8.02128655e-04  1.09125378e-01 -1.00000000e+00 -1.00000000e+00]]
0.0008021286551054173,0.11004626475271297,1.0,1.0000000000000007,3,"[0.0001 0.0001 0.0001 0.0001 0.0001 0.0001 0.0001 0.0001 0.0001 0.0001
 0.0001 0.0001 0.0001 0.0001 0.0001 0.0001 0.0001 0.0001 0.0001 0.0001
 0.0001 0.0001 0.0001 0.0001 0.0001 0.0001 0.0001 0.0001 0.0001 0.0001
 0.0001 0.0001 0.0001 0.0001 0.0001 0.0001 0.0001 0.0001 0.0001 0.0001
 0.0001 0.0001 0.0001 0.0001 0.0001 0.0001 0.0001 0.0001 0.0001 0.0001
 0.0001 0.0001 0.0001 0.0001 0.0001 0.0001 0.0001 0.0001 0.0001 0.0001
 0.0001 0.0001 0.0001 0.0001 0.0001 0.0001 0.0001 0.0001 0.0001 0.0001
 0.0001 0.0001 0.0001 0.0001 0.0001 0.0001 0.0001 0.0001 0.0001 0.0001
 0.0001 0.0001 0.0001 0.0001 0.0001 0.0001 0.0001 0.0001 0.0001 0.0001
 0.0001 0.0001 0.0001 0.0001 0.0001 0.0001 0.0001 0.0001 0.0001 0.0001]",[[-8.02128655e-04  1.09611342e-01 -1.00000000e+00 -1.00000000e+00]]
0.17024856203327748,7.254244940034603,0.5656565656565656,0.10490000000000008,4,"[0.02739327 0.02739327 0.02739327 0.02739327 0.02739327 0.02739327
 0.02739327 0.02739327 0.02739327 0.02739327 0.02739327 0.02739327
 0.00019756 0.02739327 0.0030722  0.01896082 0.02739327 0.0001
 0.02739327 0.02739327 0.00019756 0.00383664 0.02739327 0.02739327
 0.02739327 0.02739327 0.02739327 0.0039949  0.02739327 0.01001644
 0.02739327 0.0001     0.02739327 0.0105004  0.02739327 0.02739327
 0.00877038 0.02739327 0.02739327 0.00019756 0.02739327 0.02589545
 0.0001     0.01232238 0.00622532 0.00019756 0.00019756 0.02739327
 0.0001     0.00019756 0.02739327 0.00019756 0.02739327 0.0001
 0.00019756 0.02739327 0.01041298 0.00019756 0.00019756 0.02739327
 0.0001     0.00019756 0.02739327 0.01232757 0.0001     0.0001
 0.02739327 0.02739327 0.02739327 0.02739327 0.02739327 0.00491132
 0.02739327 0.00625929 0.02739327 0.0001     0.02739327 0.0053655
 0.0001     0.02739327 0.02739327 0.00019756 0.02739327 0.0001
 0.00019756 0.00019756 0.02739327 0.02739327 0.0001     0.00019756
 0.02739327 0.02739327 0.0001     0.02080094 0.00019756 0.01862726
 0.02739327 0.0001     0.00019756 0.00212378]",[[-0.80212866  0.10961134 -1.         -1.        ]]
0.6458989404041283,7.651090132906295,0.5151515151515151,0.030000000000000075,5,"[0.0988291  0.09914262 0.09979909 0.09902753 0.09960489 0.09910063
 0.09979641 0.09924592 0.09950999 0.09951352 0.09931977 0.09922171
 0.09922025 0.09884253 0.02687937 0.09932158 0.01187398 0.00076721
 0.09979834 0.09954832 0.0830203  0.01316288 0.09923429 0.0986626
 0.09903444 0.09929233 0.09931973 0.09912521 0.09922253 0.08122567
 0.09955084 0.00143269 0.00154025 0.00167473 0.00123296 0.00075373
 0.09970414 0.09961303 0.04770953 0.09912716 0.0018118  0.01003922
 0.09951291 0.06739754 0.09925262 0.08339204 0.00106374 0.09933715
 0.09951201 0.08974161 0.0992274  0.00105807 0.09913151 0.09933771
 0.00125484 0.00143723 0.09892596 0.00143722 0.00104451 0.00181579
 0.09912896 0.00143425 0.00086821 0.00130004 0.09903421 0.09939773
 0.00114534 0.04113146 0.09875302 0.03104751 0.00171425 0.00135149
 0.02601687 0.00124284 0.05073823 0.0008455  0.00152374 0.0042642
 0.0995185  0.00124413 0.09989426 0.01864077 0.09970255 0.09970255
 0.09249121 0.09856625 0.00171657 0.00114452 0.0996598  0.00162961
 0.00126091 0.00115587 0.0992126  0.0015308  0.09917529 0.06212803
 0.09895422 0.00123376 0.09941692 0.09980086]",[[-0.80212866  0.         -0.         -0.        ]]
0.3365610823541931,7.389108397689441,0.5353535353535354,0.03999999999999998,6,"[0.09999694 0.0001002  0.09999386 0.1        0.00025236 0.09999534
 0.00019746 0.1        0.05699631 0.00025153 0.0001     0.09999576
 0.1        0.00024898 0.1        0.04263551 0.00025116 0.0001
 0.1        0.0001     0.09999654 0.0001     0.00019746 0.0001
 0.00025231 0.09999301 0.09999769 0.00024923 0.00025218 0.0002483
 0.00019558 0.1        0.00010024 0.00019746 0.0001     0.0001
 0.00024952 0.00024893 0.00025019 0.00019607 0.00025105 0.00019746
 0.0001     0.00010006 0.1        0.00019746 0.00019746 0.00019746
 0.00019746 0.00019696 0.08651966 0.04114272 0.00019746 0.00019746
 0.0001005  0.00024947 0.00025174 0.1        0.00010078 0.0870593
 0.00025395 0.01798282 0.00019746 0.00019746 0.00019746 0.00024884
 0.00025402 0.09999981 0.0001     0.0001     0.00025332 0.09999667
 0.00019746 0.00019746 0.0001946  0.00025189 0.0001     0.09999769
 0.00024885 0.1        0.00828292 0.07783865 0.0001     0.00010026
 0.09999784 0.00025297 0.00019746 0.00019746 0.00010189 0.0001
 0.00025153 0.00025027 0.1        0.00019746 0.00019746 0.00024925
 0.0001     0.00025259 0.0999939  0.00019746]",[[-0.60159649  0.02740284 -0.         -0.        ]]
0.23129231206911763,7.326714149913587,0.8686868686868687,0.09930000000000007,7,"[0.02939218 0.02839648 0.0293731  0.02914608 0.02926995 0.02950669
 0.0297131  0.02942529 0.02978741 0.02940232 0.03016034 0.02906096
 0.02928655 0.02882083 0.02897555 0.02882015 0.02913458 0.02978897
 0.02939867 0.0298659  0.02972282 0.02904795 0.02948281 0.029407
 0.03003526 0.02911905 0.02930364 0.0296598  0.02941096 0.02880034
 0.02976153 0.02947128 0.02940097 0.02975518 0.02904048 0.02924675
 0.02908304 0.02956101 0.02993621 0.03037806 0.02923243 0.02984743
 0.02854439 0.02912087 0.02959303 0.02909067 0.00793242 0.02960864
 0.02923829 0.02864321 0.02901239 0.0296185  0.02951709 0.00401471
 0.0126966  0.02973413 0.02997462 0.00458037 0.02985291 0.02947173
 0.00202032 0.02928457 0.02966949 0.02881362 0.00248215 0.02950141
 0.03023754 0.00843006 0.02928825 0.0297936  0.02966612 0.02967836
 0.02950958 0.03007643 0.02926651 0.02962552 0.02932015 0.00229565
 0.0290489  0.02901511 0.0151194  0.02904439 0.02876445 0.02849584
 0.0103296  0.02889097 0.02942981 0.03021553 0.01548959 0.02928349
 0.02884138 0.02908058 0.02988329 0.0294018  0.02891408 0.02924473
 0.02918513 0.02936313 0.0297339  0.02981595]",[[-0.60159649  0.         -0.25       -0.        ]]
0.32954189334768086,7.3124466875015965,0.6262626262626263,0.03999999999999998,8,"[0.0959137  0.05405234 0.09641916 0.05305693 0.00151108 0.0960626
 0.00180239 0.09607798 0.00211631 0.01310401 0.09643791 0.00204398
 0.00154493 0.09656304 0.00183133 0.09667418 0.0015651  0.09643447
 0.00196602 0.00215427 0.00269288 0.06950214 0.00242946 0.09616927
 0.06618462 0.00225402 0.09679592 0.00141364 0.00313245 0.0960321
 0.00164921 0.00232039 0.02371109 0.06488138 0.00177481 0.00246217
 0.03670718 0.0968225  0.00151645 0.00202182 0.00168557 0.00183149
 0.096513   0.00194475 0.00189954 0.00185707 0.00258282 0.09654952
 0.00151886 0.00258091 0.00186453 0.00505353 0.00134501 0.00183521
 0.00125911 0.00334425 0.0011609  0.00240185 0.00118178 0.00193966
 0.00160677 0.00224103 0.0024901  0.00170079 0.00105554 0.00138873
 0.00185962 0.00211173 0.00129442 0.00226682 0.00238386 0.001597
 0.00155076 0.00208949 0.0015087  0.00132755 0.09674929 0.00224563
 0.00274074 0.00148136 0.00201693 0.00197475 0.00194065 0.00164569
 0.00227268 0.00225287 0.00150823 0.00152344 0.00118    0.00187487
 0.00200532 0.00172186 0.00224555 0.00251643 0.00211047 0.00181261
 0.00202387 0.0014207  0.002076   0.00232616]",[[-0.60159649  0.         -0.         -0.25      ]]
0.05278677212572189,7.157270406639064,1.0,0.3685000000000001,9,"[0.00780143 0.00780776 0.00783508 0.00772771 0.00746416 0.00765217
 0.00049943 0.00761758 0.00755089 0.00763837 0.0075285  0.00763924
 0.00753382 0.00769695 0.00746678 0.00766955 0.00761105 0.00787264
 0.00790831 0.0074735  0.00772142 0.00748949 0.00793578 0.00275708
 0.00780371 0.00773718 0.00755392 0.00771561 0.00058374 0.00048907
 0.00778256 0.0075499  0.00782754 0.00073118 0.00767982 0.0076634
 0.00768559 0.00780146 0.0007683  0.00782224 0.00766524 0.00040271
 0.00071695 0.00048548 0.00783611 0.00789079 0.00056379 0.00755271
 0.00058622 0.00754712 0.00069224 0.00760542 0.00059173 0.00765715
 0.00763828 0.00089914 0.00058814 0.00118313 0.00073635 0.00078684
 0.00089065 0.00765382 0.0075316  0.00077272 0.00696059 0.00754453
 0.00771531 0.00059037 0.0004884  0.00776079 0.00080984 0.00082797
 0.00754826 0.00100302 0.0007102  0.0079457  0.00767384 0.00763407
 0.00774401 0.00298998 0.00356172 0.00059546 0.0076467  0.00754265
 0.00049076 0.00077634 0.00073157 0.00082663 0.00508295 0.00776602
 0.00056365 0.00656841 0.00077774 0.00086687 0.0076438  0.0005892
 0.00788038 0.0074604  0.0076511  0.00754304]",[[-0.40106433  0.05480567 -0.         -0.        ]]
0.09006367483528693,7.178789152574955,0.6464646464646465,0.2210000000000001,10,"[0.00068802 0.02728183 0.02744151 0.00410374 0.02737746 0.00069024
 0.009928   0.00039969 0.02423224 0.02753408 0.02747572 0.0004907
 0.00059628 0.02555015 0.00049479 0.00058819 0.00076886 0.00059362
 0.02741328 0.00065452 0.00055478 0.02769493 0.00011576 0.01986535
 0.02752285 0.00049999 0.00059098 0.02757065 0.00344883 0.00057481
 0.00041573 0.02753862 0.00049904 0.00069465 0.00277349 0.00049737
 0.02737723 0.00078715 0.02012755 0.01912062 0.00020088 0.00050001
 0.00078475 0.02747142 0.00049829 0.02743025 0.00073344 0.0004951
 0.00059558 0.02733105 0.00059153 0.0006521  0.000501   0.02170399
 0.0003966  0.01670245 0.00059169 0.00050136 0.00816059 0.00025546
 0.00065296 0.00049948 0.00049631 0.00039608 0.00058962 0.02763714
 0.0004983  0.00039934 0.00049902 0.00673995 0.00066425 0.00068834
 0.00049998 0.00059861 0.00049371 0.00068689 0.00040093 0.00059074
 0.02763446 0.00064522 0.00059805 0.00054993 0.00049933 0.02742441
 0.00073046 0.00079269 0.00059043 0.02744358 0.0006004  0.00059724
 0.00079693 0.00055487 0.00048524 0.00049713 0.0004983  0.00030933
 0.00069714 0.00077628 0.00039572 0.0003922 ]",[[-0.40106433  0.02740284 -0.25       -0.        ]]
0.054116314627697934,7.1593032780481165,1.0,0.38079999999999997,11,"[0.00775371 0.00742677 0.00799745 0.00695659 0.00851852 0.00718217
 0.00725314 0.00725119 0.00734537 0.00709583 0.00700581 0.0075607
 0.00753418 0.00077062 0.00732441 0.00693747 0.00726825 0.00713131
 0.00730048 0.00721996 0.0074269  0.00735145 0.00694112 0.00125194
 0.00722411 0.0079928  0.007032   0.00741644 0.00736678 0.00072572
 0.00821458 0.00757338 0.0017086  0.00685714 0.00713954 0.00673875
 0.00783874 0.0070868  0.00753656 0.00717583 0.00814514 0.00699339
 0.0071147  0.0060122  0.00695043 0.00081966 0.00074128 0.00124735
 0.00730638 0.0017048  0.00061192 0.00761257 0.00731556 0.00662337
 0.00317723 0.00815761 0.00709938 0.00152981 0.00771636 0.00731458
 0.00680599 0.00736924 0.00784402 0.00085145 0.00074757 0.00796811
 0.00737256 0.00715794 0.00379481 0.0083504  0.00778919 0.00741575
 0.00510929 0.00758246 0.00723848 0.00736692 0.00111955 0.00776204
 0.00694459 0.00168629 0.00068277 0.00792966 0.00097975 0.00576828
 0.00678336 0.007109   0.00551918 0.00114174 0.00708801 0.00041229
 0.00699649 0.00101588 0.00114968 0.00718107 0.00096822 0.00738859
 0.00693437 0.00718368 0.00742627 0.00701858]",[[-0.40106433  0.02740284 -0.         -0.25      ]]
0.10602406381570066,7.182223782043677,0.7272727272727273,0.15719999999999995,12,"[0.00300737 0.00060336 0.02594811 0.0263295  0.02636764 0.02669975
 0.00071823 0.02633319 0.02665244 0.0258528  0.02660163 0.00145312
 0.00119266 0.00092116 0.02627214 0.02648244 0.02656645 0.00098549
 0.00117043 0.00096701 0.01987165 0.02616577 0.00078062 0.02653001
 0.00105842 0.00059775 0.00083859 0.00677622 0.00070222 0.00079461
 0.02593411 0.00376764 0.00059332 0.02616997 0.02604711 0.01143808
 0.00081575 0.00060296 0.02653103 0.0174832  0.00041151 0.00078153
 0.00097659 0.0006815  0.00100747 0.0057527  0.00109105 0.00071282
 0.00123029 0.02165501 0.00109153 0.02615089 0.00092697 0.00069348
 0.00098966 0.00051311 0.00050018 0.00093697 0.00088208 0.02673851
 0.02691615 0.00081576 0.00079075 0.02653192 0.00126973 0.00048887
 0.00112005 0.01607375 0.0005902  0.00089676 0.01175214 0.00073894
 0.00070487 0.00113232 0.00063116 0.00082504 0.00058557 0.02662859
 0.000784   0.00114079 0.02718814 0.00079124 0.00099039 0.00080002
 0.00234953 0.00101025 0.00040603 0.0265125  0.00077831 0.00069363
 0.00080866 0.00078458 0.00042365 0.00058089 0.00076679 0.00114024
 0.00090941 0.00089084 0.00904871 0.00118302]",[[-0.40106433  0.         -0.5        -0.        ]]
0.06737370681205486,7.163908026999931,1.0,0.29940000000000005,13,"[0.01378866 0.01388511 0.01374171 0.00025789 0.01378861 0.00964668
 0.0137888  0.01378863 0.00643965 0.01378893 0.00664091 0.01378777
 0.01384002 0.00010311 0.00032256 0.00010079 0.01377408 0.01374291
 0.01383638 0.00010145 0.00478238 0.01378863 0.01388511 0.01065983
 0.00019791 0.00019832 0.0033466  0.00039186 0.01378843 0.00010968
 0.00019814 0.01393538 0.00949528 0.0002573  0.00025854 0.01388511
 0.01373952 0.0001981  0.00029483 0.00010683 0.01378874 0.00029483
 0.00010183 0.01383881 0.00424113 0.01378849 0.01204721 0.0001034
 0.00025712 0.00025749 0.00025699 0.00010489 0.00034998 0.01369049
 0.01378855 0.01388511 0.00035321 0.01378873 0.0001978  0.00029581
 0.00010318 0.00025376 0.00035446 0.00029483 0.00019802 0.00025393
 0.00010039 0.00029483 0.0002521  0.01383742 0.00025935 0.0001015
 0.0001     0.00010121 0.00010535 0.0001008  0.00136663 0.00025983
 0.00010371 0.00010134 0.00035215 0.01393396 0.01369049 0.01369049
 0.00019783 0.00014792 0.00025728 0.01378863 0.00010396 0.01378863
 0.00035198 0.00029483 0.00029483 0.00019807 0.01150896 0.00029483
 0.01373978 0.00896679 0.0001     0.00020203]",[[-0.40106433  0.         -0.25       -0.25      ]]
0.06984037212723901,7.138783023335063,1.0,0.28230000000000016,14,"[0.01462969 0.01462936 0.01453306 0.01472785 0.01472897 0.01480725
 0.0147272  0.01480739 0.00791311 0.00047033 0.00977611 0.01482238
 0.01538772 0.0146285  0.00029588 0.00030195 0.00044982 0.00039142
 0.01453453 0.01463013 0.00077911 0.00051443 0.0146294  0.00925842
 0.00019919 0.01020805 0.00061048 0.01501586 0.00484553 0.00010336
 0.0004583  0.00039233 0.00061204 0.01471467 0.00048807 0.00042952
 0.0002981  0.00058525 0.00029821 0.00019936 0.01472575 0.00073199
 0.00048806 0.00029708 0.00040834 0.00019877 0.00029657 0.00020285
 0.0147076  0.00049089 0.00039761 0.00045788 0.01453359 0.01491864
 0.00030225 0.00039231 0.00298617 0.0043853  0.00029606 0.00020254
 0.00029684 0.00020412 0.00059768 0.01478237 0.00039656 0.0007799
 0.00030183 0.00075617 0.01462998 0.00010127 0.00039724 0.00048642
 0.00331109 0.01453334 0.00029525 0.0004787  0.00058938 0.00048733
 0.00020003 0.00029715 0.00076327 0.00039351 0.00068241 0.00010298
 0.00031705 0.00044389 0.00029562 0.0002039  0.00039297 0.00450487
 0.00020524 0.00010207 0.00029643 0.01033605 0.00029473 0.00065811
 0.00039225 0.00026351 0.00029841 0.00029613]",[[-0.40106433  0.         -0.         -0.5       ]]
0.03938632798246473,2.699111796951424,1.0,0.8739999999999999,15,"[0.00933967 0.00924884 0.00951142 0.00028769 0.0046179  0.00028769
 0.00933976 0.00943057 0.00947381 0.00924886 0.00046942 0.00943057
 0.00019494 0.00933977 0.0004694  0.00407886 0.00958111 0.00924886
 0.00050039 0.00028767 0.00427013 0.00037848 0.00960508 0.00037861
 0.00383566 0.00923602 0.00409434 0.00055028 0.00458682 0.00046942
 0.00028768 0.00051597 0.00028769 0.0006439  0.00943055 0.00028769
 0.00046941 0.00942336 0.00028766 0.00028769 0.0002877  0.00064392
 0.00064392 0.0005503  0.00062233 0.00023872 0.00037861 0.00933977
 0.00028767 0.00943059 0.00933965 0.00046942 0.00943058 0.00915514
 0.00037862 0.00037849 0.00064391 0.00028769 0.00924885 0.00019367
 0.00019366 0.00055313 0.00028769 0.0004694  0.00064392 0.0004622
 0.00028768 0.00037862 0.00028769 0.00046941 0.00028769 0.00046941
 0.00028768 0.00046942 0.0093268  0.00915519 0.00046941 0.00028767
 0.0004694  0.00036856 0.00028768 0.00064392 0.0002877  0.00933691
 0.00035049 0.00037862 0.00037539 0.00037861 0.00028769 0.00943058
 0.00924886 0.00927873 0.00672563 0.00028768 0.00028768 0.00046941
 0.00028768 0.00028767 0.00028767 0.00028767]",[[-0.20053216  0.08220851 -0.         -0.        ]]
0.039863117391734836,3.585422562214497,1.0,0.8288999999999999,16,"[0.00777607 0.00756654 0.00212709 0.00758885 0.00631882 0.0079636
 0.0071813  0.00622055 0.00787294 0.0077758  0.00615316 0.00795328
 0.00787236 0.00193326 0.00686244 0.00823537 0.00510169 0.00047552
 0.00052755 0.00787263 0.00213822 0.00055876 0.00028901 0.00067298
 0.00799156 0.00064867 0.00028901 0.00028144 0.00695956 0.00362099
 0.000573   0.00557065 0.00650439 0.00613203 0.0006639  0.00588267
 0.00600499 0.00039362 0.0021209  0.00038868 0.00137026 0.00444981
 0.0077751  0.00047217 0.00517793 0.00777635 0.00038556 0.00037871
 0.00029211 0.00038556 0.00711436 0.00110657 0.00076164 0.00019177
 0.00213019 0.00038868 0.00057138 0.00777565 0.00203741 0.00068786
 0.00028833 0.00047146 0.00222955 0.00469534 0.00070211 0.00028143
 0.00231601 0.00094331 0.00038559 0.00758885 0.00135857 0.00162934
 0.00038559 0.00613086 0.00730473 0.0005659  0.00048328 0.0007528
 0.00298106 0.00055904 0.0022087  0.00028831 0.00018968 0.00038585
 0.00066322 0.00028145 0.00047554 0.00300253 0.00060343 0.00019485
 0.00026903 0.00019485 0.00028453 0.00029211 0.00182711 0.00047527
 0.00038558 0.00057111 0.00028833 0.00038586]",[[-0.20053216  0.05480567 -0.25       -0.        ]]
0.02751194206589054,3.0949708016318676,1.0,0.8602000000000001,17,"[0.00199793 0.00181119 0.00933825 0.00505464 0.00458782 0.00403844
 0.00163216 0.00685821 0.0020632  0.00810675 0.00525083 0.00180692
 0.00176907 0.00136606 0.00200314 0.00135209 0.00164039 0.00470217
 0.00171379 0.00170371 0.0019751  0.00180785 0.00159215 0.00144649
 0.00180448 0.00519864 0.0017943  0.00437711 0.0018025  0.00171209
 0.00530195 0.00152984 0.0066253  0.00192649 0.001799   0.00466103
 0.00144552 0.00907746 0.0019342  0.00166559 0.00643162 0.00153279
 0.00924912 0.00229596 0.00279634 0.00170839 0.00336274 0.00153887
 0.00185753 0.00190075 0.00149133 0.00181643 0.00170902 0.00218262
 0.00192199 0.00668387 0.00185752 0.00172495 0.0067089  0.00184776
 0.00180522 0.00222926 0.00626596 0.00203175 0.00932859 0.00651297
 0.0023085  0.00175745 0.00203781 0.00148331 0.00214111 0.00656697
 0.00193998 0.00212867 0.00343141 0.00407717 0.00164025 0.00216483
 0.00162162 0.00194129 0.00600691 0.00226353 0.00364318 0.00949237
 0.00175718 0.00172043 0.00225051 0.00882307 0.00356795 0.00901205
 0.00167767 0.00527163 0.00189995 0.00603046 0.00233887 0.00188753
 0.00213634 0.00534992 0.00189983 0.0032113 ]",[[-0.20053216  0.05480567 -0.         -0.25      ]]
0.04015380569046011,1.7559012028208663,1.0,0.9143000000000006,18,"[0.01022147 0.00360594 0.00185424 0.01041867 0.00193348 0.0019984
 0.01049782 0.01020149 0.01051603 0.01026608 0.00432962 0.01004858
 0.01047297 0.00509262 0.0046246  0.00729853 0.00148327 0.0014045
 0.00446822 0.00167456 0.00817003 0.00138138 0.0020696  0.00369756
 0.01021985 0.00161008 0.00180688 0.00126993 0.00384818 0.00103049
 0.00171272 0.00090787 0.00149863 0.00206173 0.00071183 0.00110816
 0.00153357 0.00105461 0.00118751 0.00121943 0.00415188 0.00105512
 0.00263174 0.00075834 0.00154733 0.00920305 0.00113045 0.00161792
 0.00087382 0.00070336 0.00133872 0.00142283 0.00166993 0.01005438
 0.00131789 0.00133768 0.00169055 0.00164256 0.00120549 0.00170809
 0.00200876 0.00157278 0.00218438 0.00120656 0.00075214 0.00148002
 0.0011428  0.00079681 0.00373112 0.0044864  0.00081254 0.0010364
 0.00160384 0.00135793 0.00154531 0.00105315 0.00316533 0.00155288
 0.00144649 0.00102592 0.0033832  0.00151263 0.00147145 0.00162856
 0.00091678 0.00082374 0.00131794 0.00114518 0.00233349 0.00220102
 0.0022169  0.0013195  0.00710983 0.00119015 0.00094462 0.00153705
 0.01039047 0.00059718 0.00145739 0.00148758]",[[-0.20053216  0.02740284 -0.5        -0.        ]]
0.032524801654647204,3.566221804022713,1.0,0.8351,19,"[0.00479351 0.00221977 0.01000841 0.00418629 0.00206393 0.00197054
 0.00196791 0.00967947 0.00431233 0.00792221 0.00309738 0.00865181
 0.00422456 0.00411799 0.00217838 0.00428688 0.00207542 0.00397469
 0.00214093 0.00571166 0.00205967 0.00258697 0.00219052 0.00771326
 0.00222799 0.00178982 0.0018735  0.00428338 0.00169449 0.00386619
 0.00418699 0.00863611 0.0039346  0.00455648 0.00273412 0.00092704
 0.00849807 0.00159824 0.00775412 0.00410015 0.00315367 0.00214741
 0.00195984 0.00178266 0.00186927 0.00194288 0.0014049  0.00123235
 0.0014055  0.0021246  0.00323896 0.00065449 0.00193977 0.0043889
 0.00048543 0.00128678 0.00500207 0.00232659 0.00445396 0.00222855
 0.00240478 0.00054955 0.00080207 0.00196288 0.0003778  0.00205712
 0.00372514 0.0004735  0.0023243  0.00428428 0.00213898 0.00230839
 0.0023861  0.0096971  0.00061437 0.0019704  0.00179404 0.00083387
 0.00204663 0.00187164 0.00093506 0.00195501 0.00158923 0.00158187
 0.00262537 0.00064249 0.00064632 0.0041013  0.00232908 0.00409989
 0.00403802 0.00351314 0.00730243 0.00198205 0.00047442 0.00087939
 0.00079083 0.00295206 0.00436048 0.00028432]",[[-0.20053216  0.02740284 -0.25       -0.25      ]]
0.030928198775813834,2.446299042284226,1.0,0.8889000000000004,20,"[0.0051498  0.00524339 0.00524339 0.00049652 0.0051834  0.0051834
 0.0053503  0.00030435 0.00527363 0.00540406 0.0051834  0.0051498
 0.00518444 0.00055319 0.00508981 0.00037432 0.00041749 0.00537625
 0.00527363 0.0051834  0.00508981 0.0051834  0.00071138 0.00524339
 0.00508981 0.0050875  0.00434704 0.00518003 0.00056134 0.00430977
 0.00508981 0.00527132 0.00517504 0.0051834  0.0051834  0.0004762
 0.00038259 0.0051834  0.00047283 0.0051834  0.00161704 0.00056134
 0.0005614  0.00527363 0.00038251 0.00508981 0.00048586 0.00524339
 0.00047033 0.00045053 0.00056503 0.0051834  0.00508981 0.00045947
 0.0004748  0.00425309 0.00094683 0.00047627 0.00044588 0.00145207
 0.0005657  0.0051834  0.00396059 0.00544771 0.00056638 0.00543686
 0.00508981 0.00518678 0.00123472 0.0004761  0.00030073 0.00047611
 0.0003559  0.0003232  0.00038252 0.00524339 0.00065929 0.00047628
 0.00031142 0.00508981 0.0004761  0.0051834  0.00047622 0.00346741
 0.0051834  0.00056134 0.0004442  0.00527363 0.00038264 0.00041702
 0.00056503 0.00508981 0.00056641 0.00064336 0.00221905 0.0051834
 0.00524339 0.00533832 0.00056638 0.00056644]",[[-0.20053216  0.02740284 -0.         -0.5       ]]
0.028232409266796692,2.788121496136023,1.0,0.8702000000000001,21,"[0.00374833 0.00378561 0.00348632 0.0036283  0.00288572 0.00404612
 0.00363779 0.00241377 0.00619505 0.0032944  0.00369258 0.00339386
 0.00332652 0.00354997 0.0095206  0.00353471 0.0036558  0.00183274
 0.00328333 0.00201156 0.00338544 0.00185666 0.00346971 0.00174317
 0.00353549 0.00216819 0.0018312  0.00665819 0.00243782 0.00339608
 0.00220314 0.00183602 0.00239323 0.00362416 0.00777797 0.00355762
 0.0020191  0.00391165 0.00913949 0.00909323 0.00218524 0.00344773
 0.00335223 0.00220951 0.00184457 0.00135643 0.00207403 0.00359018
 0.00196454 0.00174891 0.00214907 0.00192006 0.00251216 0.00190133
 0.00212418 0.00350653 0.00343778 0.00181388 0.00160775 0.00216816
 0.00197997 0.00407125 0.00196787 0.00160807 0.00194411 0.0016852
 0.00159063 0.0019206  0.00185612 0.00189761 0.00200465 0.00303967
 0.00182544 0.00326762 0.00398427 0.00226576 0.00349165 0.00184241
 0.00369144 0.00208717 0.00248675 0.00362616 0.00190456 0.0038201
 0.0038225  0.00204229 0.00188461 0.00344559 0.00354274 0.00228354
 0.00235638 0.00378848 0.00363315 0.00354314 0.00173512 0.00184287
 0.00375688 0.00362071 0.00371142 0.0017998 ]",[[-0.20053216  0.         -0.75       -0.        ]]
0.03337549230112709,2.294734467386043,1.0,0.8951000000000003,22,"[0.0034901  0.00714503 0.00670284 0.00696604 0.00730703 0.00045458
 0.00705144 0.00090411 0.00446595 0.00451348 0.00053124 0.00482694
 0.00679424 0.00427165 0.0042006  0.00451975 0.00488631 0.00164654
 0.00695643 0.00300836 0.00095616 0.00048878 0.00679212 0.00576196
 0.00486601 0.0044698  0.00695858 0.00459089 0.00408854 0.00670348
 0.00308097 0.00252345 0.00384317 0.00469049 0.00060302 0.00468954
 0.00045097 0.00036962 0.00047895 0.00063328 0.00467154 0.0003686
 0.00457173 0.0007272  0.0003696  0.00458569 0.00046861 0.0044651
 0.00052212 0.00055172 0.00724667 0.00045606 0.00416528 0.00693385
 0.00049006 0.0002723  0.00044186 0.00045102 0.00459483 0.00078217
 0.00053115 0.00496115 0.0008141  0.0028632  0.0050707  0.00040076
 0.0012904  0.00442154 0.00029226 0.00063309 0.00432948 0.0044786
 0.00681946 0.00458463 0.0009906  0.00715056 0.00607648 0.00045377
 0.00064073 0.00064689 0.00670288 0.00081915 0.00053922 0.00697234
 0.00061231 0.00027766 0.00050865 0.00049243 0.00715567 0.00679705
 0.00421702 0.00039983 0.00715057 0.00027767 0.00081233 0.00028507
 0.00046364 0.00435107 0.0044215  0.00705857]",[[-0.20053216  0.         -0.5        -0.25      ]]
0.03733525119911795,2.557614323746087,1.0,0.8817000000000004,23,"[0.00426699 0.00930932 0.00417165 0.00930934 0.00426698 0.00913438
 0.00046464 0.00879831 0.00862679 0.00426699 0.00566201 0.00034787
 0.00894208 0.0041716  0.00435685 0.00824964 0.00037136 0.0004018
 0.00041231 0.00445197 0.00037277 0.00426348 0.00711874 0.00922578
 0.00435856 0.00930934 0.00759513 0.0005565  0.00445197 0.00046301
 0.00095523 0.00426349 0.00047157 0.0006369  0.00436029 0.0042667
 0.00426674 0.00426354 0.0070889  0.00264148 0.00435686 0.00055698
 0.00062772 0.00052267 0.00661651 0.00055993 0.00050439 0.00037134
 0.00041485 0.00055646 0.0004649  0.00272175 0.00037274 0.0004663
 0.00426499 0.00054414 0.0042667  0.00417158 0.00037277 0.00047847
 0.00086819 0.00054587 0.00426518 0.00044344 0.00445197 0.00062075
 0.00524518 0.00037105 0.00030703 0.00112462 0.00426333 0.00064126
 0.0043601  0.0043586  0.003683   0.00435846 0.00055628 0.00055641
 0.00055807 0.00028099 0.00046294 0.00061289 0.00066823 0.00395537
 0.00426699 0.00055273 0.00435685 0.00051891 0.0042671  0.00435859
 0.00046295 0.00044404 0.00337059 0.00059219 0.00355143 0.00042987
 0.00058216 0.00694842 0.00435858 0.00024683]",[[-0.20053216  0.         -0.25       -0.5       ]]
0.04130607326589994,2.223903247191505,1.0,0.8982,24,"[0.00961036 0.01063309 0.01077865 0.01025027 0.00936351 0.00699984
 0.00144705 0.00059261 0.01011686 0.00045394 0.00936995 0.00455694
 0.00222198 0.00055345 0.01078733 0.00091836 0.00824564 0.00121407
 0.00050021 0.00891335 0.00111216 0.0032593  0.00948698 0.00638063
 0.00104192 0.00100838 0.01072254 0.00115942 0.00122063 0.0012206
 0.00124632 0.00330213 0.00383802 0.00051479 0.00215564 0.00047017
 0.00128511 0.00062965 0.00093696 0.00120118 0.00077326 0.00230493
 0.00110705 0.00051048 0.00042057 0.00167817 0.01013738 0.00796283
 0.00242553 0.00178693 0.00309465 0.00056218 0.00207819 0.00363244
 0.00316188 0.00070598 0.00041998 0.01079557 0.00325395 0.00337923
 0.0007698  0.00156248 0.0005359  0.00103439 0.00098377 0.00869615
 0.00053578 0.00263701 0.00075807 0.00038337 0.00935126 0.0004203
 0.00046774 0.00044372 0.00123935 0.00030201 0.01016772 0.00076259
 0.00042042 0.00044267 0.00071461 0.0017211  0.00034966 0.00044567
 0.00066876 0.00119455 0.00085155 0.00935168 0.00056766 0.00044003
 0.00929807 0.000562   0.00308751 0.000445   0.00047025 0.00047588
 0.00053579 0.00802891 0.00073762 0.0003907 ]",[[-0.20053216  0.         -0.         -0.75      ]]
0.00485039266385922,0.11873929870224784,1.0,1.0000000000000007,25,"[0.00073982 0.00052206 0.00031326 0.00079274 0.00059756 0.00077575
 0.00060207 0.00068076 0.00077644 0.00058278 0.00086531 0.00039631
 0.00079164 0.00049825 0.00041862 0.00062394 0.00041481 0.00079506
 0.00058301 0.00041701 0.000392   0.00040943 0.00065916 0.00048709
 0.0008655  0.00059762 0.00093493 0.00078077 0.00091653 0.00059888
 0.0003969  0.00039397 0.00039807 0.00061522 0.00059768 0.00048976
 0.00062834 0.00049112 0.00068057 0.00068022 0.00030949 0.00068037
 0.00049118 0.00069491 0.00050553 0.00068751 0.00039325 0.00038523
 0.00055224 0.00059436 0.00058612 0.00087233 0.00046711 0.00058302
 0.00059481 0.00063924 0.00049137 0.00039288 0.00020798 0.00068043
 0.00049181 0.00054582 0.00049263 0.00060811 0.00039436 0.00055952
 0.00098241 0.00048568 0.00068209 0.00039399 0.0007033  0.00040529
 0.00039297 0.00049142 0.00071631 0.00059173 0.00084759 0.00049859
 0.00030677 0.0006819  0.00060255 0.00039319 0.00068104 0.0003956
 0.00071014 0.00069006 0.00079522 0.00078197 0.00089131 0.00049269
 0.000694   0.00049358 0.0005985  0.00068049 0.00051542 0.00079102
 0.00071455 0.00077578 0.00037309 0.00041633]",[[-0.          0.10961134 -0.         -0.        ]]
0.004145505900850025,0.11731665441274727,1.0,1.0000000000000007,26,"[0.0005869  0.00049449 0.00077995 0.00039403 0.00030405 0.00068304
 0.00040457 0.00048824 0.00058641 0.00039328 0.00050975 0.00049882
 0.00059878 0.00050828 0.00077986 0.00033109 0.00048826 0.00039288
 0.00077994 0.00070686 0.00040003 0.0003917  0.0003941  0.00077979
 0.0002973  0.00059018 0.00060682 0.00048824 0.0003912  0.00048824
 0.00039273 0.0005881  0.00060195 0.00050343 0.00039129 0.00041638
 0.00048824 0.0003912  0.00058766 0.00068577 0.00039394 0.00050541
 0.00058957 0.00039384 0.00048824 0.00039699 0.0006057  0.00052509
 0.00042134 0.00048824 0.00030273 0.00048824 0.00039664 0.00058777
 0.00058585 0.00048825 0.00041003 0.00060635 0.00040697 0.00043705
 0.00060652 0.0003979  0.0007799  0.00048824 0.00077986 0.00039157
 0.00061239 0.00049591 0.00077992 0.00039283 0.00058999 0.00059741
 0.00077986 0.00055916 0.00051661 0.00048824 0.00040503 0.00039809
 0.00059887 0.00019733 0.00048824 0.00058781 0.00058609 0.0004549
 0.00048938 0.00068302 0.00059737 0.00039423 0.0005163  0.00068618
 0.00049053 0.00029989 0.00029441 0.00060247 0.00041062 0.0003401
 0.00051006 0.00050027 0.00039129 0.00077963]",[[-0.          0.08220851 -0.25       -0.        ]]
0.002145995287777976,0.11279487906729889,1.0,1.0000000000000007,27,"[0.00019751 0.00029531 0.00019755 0.00029406 0.00039043 0.00010168
 0.00010131 0.00043957 0.00039099 0.000391   0.00019829 0.00010224
 0.00039015 0.0001019  0.00039153 0.00039053 0.00019811 0.00029465
 0.00010308 0.00039083 0.00029471 0.00039145 0.00019757 0.00039218
 0.0002935  0.00029345 0.00029356 0.00019797 0.00029477 0.00029394
 0.00029402 0.00010165 0.00039115 0.00019897 0.00019816 0.0002938
 0.00039015 0.00029477 0.00038993 0.00019745 0.00010084 0.00010146
 0.00020983 0.00019737 0.00029483 0.00019771 0.00029425 0.00029384
 0.00010245 0.00019716 0.00029401 0.00029472 0.00029471 0.00029365
 0.00010233 0.00039125 0.00019775 0.00010117 0.00039113 0.00038997
 0.00029486 0.00029418 0.00058425 0.00029432 0.00019754 0.00029456
 0.00010198 0.00029452 0.00039135 0.00029406 0.00019786 0.00019832
 0.00019816 0.00029439 0.000245   0.00010175 0.00019803 0.00029494
 0.00048773 0.0002945  0.00029504 0.00039117 0.00039061 0.0001934
 0.0001027  0.00029377 0.00021718 0.00019778 0.00029481 0.00029482
 0.00019811 0.00039103 0.00029383 0.0001983  0.00039058 0.00029338
 0.00019849 0.00010261 0.00010109 0.0003908 ]",[[-0.          0.08220851 -0.         -0.25      ]]
0.0013347449845908742,0.1113519008264494,1.0,1.0000000000000007,28,"[0.0001     0.0001     0.00019739 0.0001     0.00019739 0.00019846
 0.00019786 0.00019747 0.0001     0.00019761 0.00019765 0.00019739
 0.00019756 0.00019769 0.0001     0.00019739 0.00019739 0.00019739
 0.00019845 0.0001     0.00019824 0.00019739 0.0001     0.00019897
 0.00019854 0.00019766 0.0001     0.00019774 0.00019751 0.00019777
 0.0001     0.00019794 0.0001     0.00019806 0.0001     0.0001
 0.0001983  0.0001     0.0001     0.00019739 0.00019739 0.0001
 0.00019739 0.00019822 0.00029484 0.00019763 0.0001974  0.00019739
 0.0001     0.00019739 0.0001977  0.00019739 0.0001     0.0001
 0.00019739 0.00019739 0.00019739 0.00019833 0.00019756 0.00019802
 0.00019805 0.0001     0.00019739 0.00019828 0.00019739 0.0001
 0.00019829 0.00019739 0.00019806 0.0001     0.00019739 0.00019803
 0.00019817 0.00019747 0.00019805 0.00019828 0.00019739 0.0001983
 0.0001978  0.00019792 0.0001     0.0001     0.00019795 0.00019769
 0.0001     0.00019739 0.00019739 0.00019739 0.0001     0.00019805
 0.0001     0.0001977  0.00019739 0.00019818 0.00022911 0.00019747
 0.00019739 0.0001     0.0001     0.00029484]",[[-0.          0.05480567 -0.5        -0.        ]]
0.004705988353539125,0.11846186394829923,1.0,1.0000000000000007,29,"[0.000585   0.00068647 0.00077999 0.00039361 0.00039438 0.000682
 0.00048666 0.00039137 0.00039735 0.00067894 0.00067976 0.00030105
 0.00048892 0.00029952 0.0004897  0.00058554 0.00068707 0.00106384
 0.00075559 0.00080794 0.00078025 0.00077709 0.00068015 0.00085346
 0.00039414 0.00029697 0.00058431 0.00087434 0.00039379 0.00096874
 0.00081903 0.00039193 0.00094763 0.00049352 0.00039332 0.00058786
 0.00048863 0.00048621 0.00049049 0.00067674 0.0004857  0.00070112
 0.0004885  0.00048885 0.00058317 0.00065127 0.00058436 0.00039046
 0.00040392 0.00097169 0.00065944 0.0005273  0.00039248 0.00058842
 0.00059153 0.00048676 0.00058124 0.0006801  0.00029653 0.00049022
 0.00077902 0.00075323 0.00078096 0.00075811 0.00065679 0.00048858
 0.00029367 0.00097214 0.00058222 0.00048789 0.0005816  0.00058355
 0.00066102 0.00093021 0.00068806 0.00075322 0.0003908  0.00065759
 0.00048613 0.00078111 0.00048948 0.00079687 0.00049117 0.00038579
 0.0005829  0.00096827 0.00065846 0.00096777 0.00048604 0.000666
 0.00020041 0.00038964 0.00058418 0.00039135 0.00039314 0.00101048
 0.00087425 0.00058123 0.0003944  0.0006842 ]",[[-0.          0.05480567 -0.25       -0.25      ]]
0.0047370092066201476,0.11769027584686347,1.0,1.0000000000000007,30,"[0.00057122 0.00069681 0.00056934 0.00057022 0.00059424 0.00067543
 0.00056946 0.00057989 0.00056645 0.00039956 0.00056903 0.00056981
 0.00067342 0.00050225 0.00057088 0.00057518 0.00073285 0.00056743
 0.00040213 0.00056909 0.00057514 0.00066324 0.0004902  0.00056816
 0.0008402  0.0005656  0.00066139 0.00059202 0.00076497 0.00068136
 0.00049457 0.00056764 0.0004992  0.0005803  0.00056953 0.00059436
 0.00066022 0.00066369 0.00063603 0.00066847 0.00059544 0.00056644
 0.00051177 0.00073833 0.00057495 0.00058105 0.00074071 0.00065676
 0.00050236 0.00040544 0.00040034 0.00066505 0.00066917 0.00057186
 0.00040191 0.00066248 0.00048224 0.00059005 0.00075589 0.00066369
 0.00041189 0.0006638  0.00066531 0.00057176 0.00040225 0.00077735
 0.00059365 0.0006627  0.0006681  0.00066686 0.00056936 0.00077104
 0.00056941 0.00058294 0.00074539 0.00059697 0.0004925  0.00075762
 0.00056936 0.00049721 0.0006871  0.00048994 0.00058568 0.00057306
 0.0004951  0.00041321 0.00050032 0.00056722 0.00057379 0.00068742
 0.00070468 0.00056927 0.00057181 0.00056943 0.00049909 0.00057737
 0.00067453 0.00040021 0.00066257 0.00067764]",[[-0.          0.05480567 -0.         -0.5       ]]
0.0015077224456281528,0.11115767731938249,1.0,1.0000000000000007,31,"[0.00017743 0.00020195 0.00020041 0.00019851 0.00019995 0.0001998
 0.00019957 0.00019978 0.00013358 0.00020096 0.00020223 0.00020127
 0.00020245 0.00020016 0.00020201 0.00020378 0.00019871 0.00018648
 0.00016353 0.00020023 0.00020226 0.00010226 0.0001703  0.00020307
 0.00010236 0.00020247 0.00011336 0.00020112 0.00010078 0.00011831
 0.00017769 0.00020014 0.00020221 0.0001021  0.00010148 0.00034776
 0.00010124 0.0003323  0.00015448 0.00020072 0.0003471  0.00020071
 0.00013567 0.00010832 0.00020096 0.00020403 0.00029369 0.00010348
 0.0002014  0.00020264 0.00013234 0.00011691 0.00015179 0.0001691
 0.0001339  0.00020148 0.00034724 0.00020073 0.00034751 0.00029472
 0.00013734 0.00020367 0.00020235 0.00010197 0.00018216 0.0001003
 0.00020129 0.00013661 0.00013388 0.00020087 0.00012297 0.00020282
 0.00029471 0.0002933  0.00029286 0.00029215 0.00029353 0.00014843
 0.00012606 0.00014667 0.00010131 0.00034763 0.00020074 0.00014478
 0.00010213 0.00020123 0.00013354 0.00014552 0.00020304 0.00029452
 0.00011731 0.00020067 0.00020138 0.00029316 0.00034723 0.00020101
 0.00017957 0.00019794 0.00019879 0.00019822]",[[-0.          0.02740284 -0.75       -0.        ]]
0.007523383935715911,0.12392385322309893,1.0,1.0000000000000007,32,"[0.00078332 0.00083345 0.00097599 0.00110304 0.0007809  0.00068357
 0.00086656 0.00103052 0.00077936 0.00111086 0.00104441 0.00103187
 0.00094466 0.0009625  0.00109679 0.00097267 0.00077363 0.00112334
 0.00087332 0.00073632 0.00098305 0.00096763 0.00104595 0.00089718
 0.00091495 0.0009723  0.00125432 0.00105338 0.00113925 0.0010473
 0.00087434 0.00078141 0.00094525 0.00122787 0.00093168 0.00081724
 0.00077706 0.00070361 0.0008642  0.00112158 0.00089386 0.0011836
 0.0010687  0.00105999 0.00109657 0.0008372  0.00095846 0.00116221
 0.00098817 0.00081674 0.00100003 0.00116375 0.00096864 0.00087349
 0.00103175 0.00113272 0.00078207 0.00103672 0.00087121 0.00103399
 0.00075473 0.00092456 0.00080611 0.00088295 0.00076906 0.00110645
 0.00096878 0.00102801 0.00098729 0.00068305 0.00097272 0.00068766
 0.00096306 0.00106636 0.00131304 0.00068053 0.00093687 0.00087779
 0.00127333 0.00079421 0.00077831 0.00086669 0.00067005 0.00048974
 0.00077796 0.00084946 0.00100793 0.00066236 0.00096845 0.00080266
 0.00076708 0.0012596  0.00086778 0.00095742 0.00094428 0.00087242
 0.00114151 0.00084522 0.00106719 0.00067701]",[[-0.          0.02740284 -0.5        -0.25      ]]
0.004396948866210823,0.11874348179528524,1.0,1.0000000000000007,33,"[0.00038767 0.00038856 0.00035237 0.00096191 0.00045803 0.00043662
 0.00061754 0.00058023 0.00039655 0.00045215 0.00048336 0.00058625
 0.00077742 0.0007478  0.0006788  0.0004861  0.00048509 0.00059576
 0.00072847 0.00064714 0.00035021 0.00029595 0.00061197 0.00068435
 0.00049803 0.00040209 0.0004841  0.00048493 0.00055795 0.00049619
 0.00067693 0.00077261 0.00049071 0.00046216 0.00055787 0.00057903
 0.00057738 0.00078008 0.00048385 0.00077169 0.00067957 0.00065542
 0.00059057 0.00069878 0.00048321 0.00049068 0.00055354 0.00063879
 0.00040208 0.00067744 0.00048707 0.00077052 0.00039402 0.00054979
 0.00055167 0.00041207 0.00048099 0.00052338 0.00087277 0.00055561
 0.00064865 0.00065073 0.00065285 0.00032229 0.0003667  0.00062039
 0.00115785 0.00039272 0.00065429 0.00077132 0.0008674  0.00039902
 0.00057677 0.00064828 0.00074704 0.00085304 0.00048461 0.0007485
 0.00075061 0.00039049 0.00040791 0.00065634 0.00056104 0.00069064
 0.00055645 0.00049554 0.00048663 0.0009601  0.00071535 0.00090444
 0.00039588 0.00058111 0.00059553 0.00059722 0.00048774 0.00058202
 0.00072045 0.00048808 0.00039295 0.00068754]",[[-0.          0.02740284 -0.25       -0.5       ]]
0.007554205954253935,0.12456030151165128,1.0,1.0000000000000007,34,"[0.00078567 0.00097198 0.00096609 0.00079525 0.00135884 0.00106671
 0.00106854 0.00074528 0.00097615 0.00069016 0.00106261 0.00077609
 0.00109745 0.00104372 0.00064591 0.00104377 0.00107025 0.00096262
 0.00097129 0.0012524  0.00122056 0.00134857 0.00125148 0.00119242
 0.00049675 0.00125549 0.00049382 0.00087517 0.00069659 0.0009737
 0.00068001 0.0007766  0.00068946 0.00107123 0.00056851 0.00068029
 0.00109556 0.00097795 0.00070532 0.00058882 0.00114009 0.00091435
 0.00068358 0.00067856 0.00058836 0.00077689 0.00134365 0.00065403
 0.00084535 0.00062806 0.00097458 0.00076378 0.00045631 0.00141596
 0.00066595 0.000737   0.0013456  0.00065453 0.00134887 0.00116047
 0.00097193 0.00058628 0.000648   0.00087568 0.00059233 0.00106464
 0.00097376 0.0007339  0.00107063 0.00116201 0.00151697 0.0012171
 0.00048075 0.00068411 0.0007105  0.00074556 0.00115781 0.00106094
 0.00097366 0.00116474 0.00107576 0.00078546 0.00134241 0.00125953
 0.00072259 0.00054483 0.00070677 0.00088407 0.00107387 0.00063491
 0.00136474 0.0012458  0.00060343 0.00105472 0.00058591 0.00101194
 0.00107428 0.00087024 0.00058796 0.00077584]",[[-0.          0.02740284 -0.         -0.75      ]]
0.005642876256979387,0.12054470835045038,1.0,1.0000000000000007,35,"[0.00077855 0.00072987 0.00068426 0.00058536 0.00058589 0.00063977
 0.00058516 0.00072258 0.00058503 0.00083262 0.00092243 0.000683
 0.00074583 0.00087419 0.00068309 0.00071872 0.00062518 0.00082859
 0.00058682 0.00072657 0.00068097 0.00048824 0.00092269 0.00068646
 0.00068298 0.00068154 0.00072177 0.0006815  0.00068165 0.00061903
 0.00081763 0.00058767 0.00081832 0.00058597 0.00097119 0.0009242
 0.00087635 0.00058627 0.00049061 0.00087427 0.00078159 0.00087566
 0.00058722 0.00097077 0.00081974 0.00049035 0.00058496 0.00068227
 0.00068068 0.00061945 0.00049103 0.00072223 0.00062289 0.00087548
 0.00058675 0.00068225 0.00091707 0.00068336 0.00065377 0.00077847
 0.00058642 0.00061845 0.00073227 0.00065045 0.0006798  0.00077891
 0.00077554 0.00058506 0.00058675 0.0006286  0.0004906  0.00061784
 0.00097036 0.00078063 0.00063596 0.00058572 0.00077847 0.00074035
 0.00068112 0.0007774  0.00058652 0.00087418 0.00063936 0.0006307
 0.00078056 0.0005855  0.00077685 0.00058618 0.00081143 0.00062024
 0.00068311 0.0006826  0.00062773 0.00058617 0.00073877 0.00058826
 0.00077985 0.00083664 0.00084314 0.00058632]",[[-0.  0. -1. -0.]]
0.006607501609609061,0.12493218808985708,1.0,1.0000000000000007,36,"[0.00116079 0.00111471 0.00058984 0.00058631 0.00058033 0.00076569
 0.00066745 0.00050262 0.00067703 0.00072587 0.00093136 0.00103874
 0.00095888 0.00087163 0.00135514 0.00057948 0.00104877 0.00038754
 0.00077325 0.00092623 0.00115494 0.00072287 0.00086922 0.00089147
 0.00077534 0.00097042 0.00066939 0.00052958 0.00054864 0.00085975
 0.00112981 0.00076816 0.00114088 0.00076227 0.00105826 0.00057284
 0.00066994 0.00086754 0.00097775 0.00049174 0.0007656  0.00067478
 0.00115895 0.0010693  0.00105264 0.00047367 0.00076747 0.00048635
 0.00124889 0.00116853 0.00087125 0.00125447 0.00116163 0.00067546
 0.00076703 0.00104811 0.00067653 0.00050626 0.00087602 0.00065719
 0.00083007 0.00076881 0.00077738 0.00067504 0.0008604  0.00095602
 0.00060064 0.00105666 0.00071918 0.00105931 0.00114882 0.00096035
 0.00106791 0.00076678 0.00086729 0.00085677 0.00126953 0.0011689
 0.00058007 0.00125165 0.0006696  0.00085766 0.00106881 0.00094058
 0.00087195 0.00059918 0.00124962 0.00067911 0.00112997 0.0005732
 0.0010171  0.00086016 0.00107174 0.00083842 0.00105544 0.00078043
 0.00106679 0.00076533 0.00077003 0.00086107]",[[-0.    0.   -0.75 -0.25]]
0.0039006205857003936,0.11565231012785906,1.0,1.0000000000000007,37,"[0.0004891  0.00058387 0.00058491 0.00029658 0.00058725 0.00058482
 0.00048866 0.00027341 0.00050903 0.00048615 0.0004889  0.00058652
 0.0004454  0.00039267 0.00048998 0.00058416 0.00039371 0.00058768
 0.0004899  0.00048921 0.00068085 0.00081266 0.00058572 0.00049002
 0.000396   0.00049084 0.00049501 0.00049035 0.00049073 0.00028324
 0.00030161 0.00048785 0.00035576 0.0002978  0.00039622 0.0005852
 0.0003943  0.00049071 0.00058663 0.00049064 0.00021051 0.00032397
 0.00040154 0.00048852 0.00058803 0.00039228 0.0003938  0.0005836
 0.00039426 0.00029912 0.00058841 0.0004893  0.0006836  0.00039207
 0.00048959 0.00067891 0.00020497 0.00049049 0.00030151 0.00039502
 0.0004902  0.00031637 0.00042053 0.00044042 0.00039328 0.00030117
 0.0005823  0.0005856  0.00050634 0.00058558 0.00039289 0.00039353
 0.00030095 0.0004894  0.00024505 0.00058591 0.0003049  0.00048739
 0.00020162 0.00058521 0.00039021 0.00053499 0.0003969  0.00067977
 0.00021043 0.00058461 0.00033014 0.00048877 0.0003066  0.00039294
 0.00032028 0.00041507 0.00020895 0.00058838 0.0002973  0.00048685
 0.00049148 0.00029181 0.00058752 0.00030032]",[[-0.   0.  -0.5 -0.5]]
0.002761300502981558,0.11434191505893071,1.0,1.0000000000000007,38,"[0.00039032 0.00040719 0.00048709 0.00019709 0.00029455 0.00039122
 0.00039133 0.0003901  0.00029453 0.00029439 0.00019992 0.0001979
 0.00048697 0.00047418 0.00019988 0.0004864  0.00019811 0.00039107
 0.00029458 0.0001986  0.00029357 0.00029432 0.00029462 0.00029433
 0.00048647 0.00048681 0.00038367 0.00019825 0.00029453 0.00048626
 0.00048678 0.00029412 0.00019867 0.00039012 0.00029515 0.0002937
 0.00029316 0.00019884 0.00048656 0.00029428 0.00039133 0.00029453
 0.0004865  0.00039201 0.00029432 0.00019839 0.00029473 0.00048692
 0.00029209 0.00038918 0.00048723 0.0004861  0.00048708 0.0002946
 0.00039092 0.0003898  0.00048667 0.00020151 0.00039139 0.00040712
 0.00048747 0.00029432 0.00038987 0.00039133 0.00029443 0.00029553
 0.00039133 0.00048615 0.00040735 0.00048739 0.0002946  0.00048658
 0.00019843 0.00039211 0.00029448 0.00039133 0.00024505 0.00048707
 0.00048623 0.00029452 0.00029447 0.00039067 0.00019996 0.00041229
 0.00029451 0.00031118 0.00039133 0.00039824 0.0003894  0.00048709
 0.00029432 0.00039218 0.00029437 0.0001981  0.00029508 0.00029432
 0.00048628 0.00039193 0.00029488 0.00029452]",[[-0.    0.   -0.25 -0.75]]
0.00793303041892463,0.1263555390497753,1.0,1.0000000000000007,39,"[0.00085819 0.00116858 0.00100888 0.00118105 0.00077609 0.0008917
 0.00102626 0.0009854  0.00129642 0.00097433 0.00083562 0.00098371
 0.00100721 0.00090319 0.00100094 0.00107638 0.00067926 0.00094046
 0.00147052 0.00075114 0.00065583 0.00084999 0.00093708 0.00080614
 0.00088767 0.00128823 0.00079032 0.00069219 0.00108248 0.00117388
 0.00137309 0.00114262 0.00097479 0.00099303 0.0006686  0.00127815
 0.00093875 0.00124737 0.00112595 0.00136569 0.0008739  0.00111161
 0.00114608 0.00081641 0.00099444 0.00112182 0.00078308 0.00048789
 0.00107808 0.00096083 0.00085674 0.00105189 0.00099102 0.00138591
 0.00136848 0.00112545 0.00097554 0.00109204 0.00119822 0.00146117
 0.00086535 0.0008552  0.00095888 0.00077547 0.00083729 0.00038087
 0.00087509 0.00115611 0.00095136 0.00079095 0.00072782 0.00070162
 0.00065935 0.00107709 0.00070334 0.00117571 0.00098778 0.0008948
 0.00136311 0.00135275 0.00117854 0.00107659 0.00049975 0.00126539
 0.00087734 0.00083238 0.00104546 0.00096061 0.00083598 0.00118337
 0.0008934  0.00116064 0.0012631  0.00115134 0.00110354 0.00088418
 0.00098448 0.00108256 0.00115549 0.00166529]",[[-0.  0. -0. -1.]]
0.6703851695345513,7.684307764942961,0.47474747474747475,0.030000000000000075,40,"[0.1        0.1        0.1        0.1        0.1        0.09999999
 0.1        0.1        0.09999999 0.1        0.09926228 0.09999999
 0.1        0.09971432 0.09999999 0.00061007 0.1        0.00010442
 0.1        0.09999999 0.1        0.09999999 0.09999522 0.09998661
 0.09999999 0.09997255 0.00051858 0.09968127 0.1        0.00030471
 0.00015768 0.09983087 0.09999999 0.09998184 0.05266972 0.08027903
 0.0995856  0.09952858 0.09958595 0.0995776  0.02125527 0.0001
 0.03288069 0.00011646 0.06020554 0.00020622 0.00073861 0.1
 0.08226998 0.05397863 0.0005992  0.00012232 0.09988643 0.00065945
 0.09975153 0.09989507 0.0001102  0.000114   0.0001     0.09981649
 0.00013037 0.09967144 0.00013844 0.0001     0.09996799 0.00031264
 0.09975985 0.09947312 0.09987133 0.00038343 0.07895768 0.08393273
 0.0001968  0.09972654 0.0001     0.0003657  0.03106934 0.00010729
 0.00010448 0.08411293 0.0001     0.09986505 0.09953365 0.00056222
 0.0001     0.06275263 0.0001     0.00022692 0.00013214 0.00013967
 0.09982276 0.01741732 0.0688642  0.00064095 0.09986571 0.0999823
 0.02328003 0.00010622 0.02029841 0.08213058]",[[-4.6518654 14.        -0.97      -3.76     ]]
0.7083936112356142,7.672741313546977,0.5757575757575758,0.030000000000000075,41,"[0.1        0.1        0.1        0.1        0.1        0.1
 0.1        0.1        0.1        0.1        0.1        0.1
 0.1        0.1        0.1        0.1        0.1        0.1
 0.1        0.1        0.1        0.08674297 0.05525716 0.09339927
 0.1        0.00010479 0.07863827 0.1        0.1        0.1
 0.1        0.1        0.1        0.0001     0.0001     0.1
 0.1        0.1        0.1        0.0001     0.1        0.0001
 0.00692077 0.07484708 0.0001     0.0001     0.1        0.1
 0.1        0.1        0.0001     0.05509223 0.1        0.1
 0.0001     0.1        0.08822131 0.1        0.1        0.00011159
 0.0001     0.0001     0.0001361  0.1        0.0001     0.1
 0.07856499 0.02631822 0.0001     0.0001     0.0001     0.0001
 0.1        0.0001     0.0001     0.0001     0.0308632  0.0001
 0.1        0.1        0.0001     0.0001     0.0001     0.0001
 0.0001     0.04728944 0.0001     0.00010545 0.1        0.08138547
 0.02277926 0.06176968 0.0001     0.03921768 0.0001     0.0001
 0.1        0.0001     0.1        0.1       ]",[[-7.1889738  8.        -0.73      -0.288    ]]
0.7521798623259873,7.751660562985855,0.5858585858585859,0.030000000000000075,42,"[0.1        0.1        0.1        0.1        0.1        0.1
 0.1        0.1        0.1        0.1        0.1        0.1
 0.1        0.1        0.1        0.1        0.1        0.1
 0.1        0.1        0.09998427 0.1        0.09999993 0.09998641
 0.0999928  0.1        0.1        0.0591731  0.0997067  0.09998674
 0.1        0.1        0.09991244 0.09999397 0.09963572 0.06976268
 0.09997811 0.1        0.1        0.04991394 0.09998264 0.09997289
 0.01168833 0.04529848 0.09355104 0.09996125 0.00552298 0.09978056
 0.00036603 0.0001     0.09989095 0.1        0.09999944 0.00013437
 0.03523291 0.09964436 0.00013152 0.00045879 0.0001     0.00032708
 0.1        0.09955162 0.0997429  0.09991745 0.06436506 0.00025331
 0.08953149 0.09987982 0.09957814 0.00028192 0.09959828 0.09988196
 0.0999877  0.00022918 0.1        0.00036811 0.09962564 0.09974419
 0.00042191 0.00039359 0.09996401 0.07648076 0.09995124 0.0001
 0.01902896 0.1        0.02590469 0.09986918 0.00044428 0.01687399
 0.00029309 0.09978089 0.09995842 0.02553705 0.1        0.1
 0.00037747 0.00881208 0.00811076 0.09972335]",[[-8.0346766 12.        -0.61      -1.28     ]]
0.690784495417772,7.625396082590062,0.5050505050505051,0.030000000000000075,43,"[1.00000000e-01 1.00000000e-01 1.00000000e-01 1.00000000e-01
 1.00000000e-01 1.00000000e-01 1.00000000e-01 1.00000000e-01
 1.00000000e-01 1.00000000e-01 1.00000000e-01 9.52301609e-02
 1.00000000e-01 1.00000000e-01 1.00000000e-01 1.00000000e-01
 1.00000000e-01 1.00000000e-01 1.00000000e-01 1.00000000e-01
 1.00000000e-01 1.00000000e-01 9.99911921e-02 1.00000000e-01
 1.00000000e-04 1.00000000e-04 1.00000000e-01 1.00000000e-01
 6.20076706e-02 8.62460921e-02 1.00000000e-04 1.00000000e-01
 3.67693163e-02 9.99929562e-02 1.00000000e-01 3.82091101e-02
 1.00000000e-04 1.00000000e-01 1.00000000e-01 1.00000000e-01
 1.31844795e-02 9.74184161e-02 4.98918225e-02 5.27956010e-02
 1.00000000e-01 2.51382121e-03 1.01620027e-04 3.21024697e-03
 1.00000000e-01 9.99748822e-02 1.78590600e-02 1.00000000e-01
 1.00000000e-01 1.00000000e-01 1.00000000e-04 1.00000000e-04
 1.00000000e-04 1.00000000e-01 1.00000000e-04 7.67642381e-02
 1.00000000e-04 1.00000000e-04 1.00000000e-04 1.00000000e-04
 1.00000000e-01 1.56804286e-04 3.17148509e-02 1.00000000e-04
 1.00000000e-04 1.20772922e-04 3.14338697e-02 9.99694685e-02
 1.20461177e-04 1.00000000e-04 3.41696644e-02 1.00000000e-04
 9.99928694e-02 1.00000000e-04 1.00000000e-01 6.84333117e-02
 1.00000000e-04 2.19111121e-02 1.00000000e-04 1.00000000e-04
 5.68821927e-02 1.00000000e-04 1.00000000e-04 1.00000000e-04
 5.79512117e-02 4.69969240e-02 9.99363812e-02 1.00000000e-04
 1.00000000e-01 1.00000000e-01 1.00000000e-04 1.00000000e-04
 1.00000000e-04 1.00000000e-04 8.98456516e-02 1.00000000e-04]",[[-3.8061626  0.        -0.49      -1.776    ]]
0.7444830461517842,7.769759527194005,0.6767676767676768,0.030000000000000075,44,"[0.1        0.1        0.1        0.1        0.1        0.1
 0.1        0.1        0.1        0.1        0.1        0.1
 0.1        0.1        0.1        0.1        0.1        0.1
 0.1        0.09998916 0.08011553 0.1        0.1        0.1
 0.1        0.09997812 0.00021205 0.1        0.09999362 0.05964287
 0.09999886 0.09999565 0.1        0.1        0.1        0.1
 0.1        0.09698563 0.0001     0.00019638 0.1        0.00016739
 0.0001     0.1        0.09989953 0.1        0.00013561 0.1
 0.0998979  0.00010084 0.1        0.1        0.1        0.1
 0.09988443 0.03773559 0.09991967 0.1        0.09997615 0.09997906
 0.1        0.1        0.03613469 0.09990362 0.0001     0.000203
 0.08112126 0.1        0.08782378 0.02972291 0.09990362 0.0999364
 0.00423245 0.09990362 0.00018805 0.09996391 0.09990362 0.09990362
 0.1        0.00032342 0.09984696 0.00082995 0.01377014 0.00030624
 0.09983933 0.1        0.1        0.1        0.09988122 0.1
 0.1        0.09980891 0.09997142 0.09995245 0.07540255 0.05067435
 0.04977943 0.05110918 0.1        0.00880395]",[[-2.9604598  4.        -0.91      -2.272    ]]
0.04183648788198833,5.90420427867614,1.0,0.6812000000000002,45,"[0.00743162 0.00743162 0.00743162 0.0001     0.00743162 0.00743162
 0.00743162 0.00640031 0.00743162 0.00743162 0.0001     0.00743162
 0.00743162 0.00743162 0.00743162 0.00291497 0.00743162 0.00743162
 0.00743162 0.00743162 0.0001     0.00743162 0.00743162 0.00743162
 0.0001     0.00743162 0.00743162 0.0001     0.00743162 0.0001
 0.00743162 0.0001     0.0001     0.0001     0.00205725 0.00733666
 0.00094539 0.0001     0.0001     0.0001     0.00743162 0.0001
 0.0001     0.00118281 0.0001     0.00328298 0.0001     0.0001
 0.0001     0.0001     0.00743162 0.00050096 0.0001     0.0001
 0.0001     0.0001     0.0001     0.00328492 0.00743162 0.0001
 0.00743162 0.0001     0.00201471 0.00743162 0.0001     0.0001
 0.00743162 0.00743162 0.00743162 0.0001     0.00743162 0.0001
 0.0001     0.0001     0.00743162 0.0001     0.0009206  0.0001
 0.0043221  0.00554558 0.00190073 0.00743162 0.00743162 0.0001
 0.00462216 0.00743162 0.0001     0.0001     0.0001     0.00743162
 0.00453343 0.00743162 0.00743162 0.0001     0.0001     0.00743162
 0.0001     0.00743162 0.0001     0.00435742]",[[-2.114757 -2.       -0.43     -3.264   ]]
0.0008189956784063939,0.11066868689136748,1.0,1.0000000000000007,46,"[0.0001     0.000102   0.00010523 0.0001     0.0001     0.00010539
 0.0001     0.00011071 0.0001     0.0001     0.0001     0.0001
 0.0001     0.00011037 0.0001     0.0001     0.00010029 0.00011071
 0.0001     0.0001     0.0001     0.00011071 0.0001     0.0001
 0.0001     0.0001     0.00010303 0.0001     0.0001     0.0001
 0.0001     0.00011071 0.0001     0.0001     0.00011071 0.0001
 0.0001     0.00011071 0.0001     0.0001     0.0001     0.0001
 0.0001     0.0001     0.0001     0.00010108 0.0001     0.0001
 0.0001     0.0001     0.0001     0.0001     0.0001     0.0001
 0.0001     0.00011071 0.0001     0.0001     0.0001     0.0001
 0.0001     0.0001     0.00011071 0.0001     0.00011071 0.0001
 0.0001     0.00011071 0.000106   0.00011071 0.0001     0.0001
 0.00011071 0.00010216 0.00011071 0.0001     0.0001     0.0001
 0.0001     0.0001     0.0001     0.0001     0.00011071 0.0001
 0.0001     0.0001     0.00011071 0.00010414 0.0001     0.0001
 0.0001     0.0001     0.0001     0.0001052  0.00011071 0.00010759
 0.0001     0.0001     0.0001     0.0001    ]",[[-1.2690542  6.        -0.79      -2.768    ]]
0.7848787515000109,7.816875404185752,0.7070707070707071,0.030000000000000075,47,"[0.1        0.1        0.1        0.1        0.1        0.09999644
 0.1        0.1        0.1        0.1        0.1        0.1
 0.1        0.1        0.1        0.1        0.1        0.1
 0.09999641 0.1        0.09999294 0.09999821 0.1        0.09999701
 0.1        0.1        0.1        0.09440631 0.1        0.1
 0.1        0.07368247 0.09999885 0.1        0.1        0.09998883
 0.1        0.1        0.1        0.1        0.07265545 0.09999947
 0.1        0.03798651 0.1        0.1        0.05604884 0.1
 0.05130981 0.1        0.1        0.1        0.0999982  0.1
 0.0001049  0.06896531 0.09998203 0.09399046 0.1        0.08847759
 0.1        0.1        0.099997   0.1        0.09999887 0.09594938
 0.09999976 0.09999907 0.09999942 0.09999032 0.08680091 0.1
 0.05989845 0.1        0.07247928 0.1        0.09999848 0.1
 0.09868741 0.07058966 0.02604675 0.1        0.1        0.09999399
 0.09998946 0.02377685 0.09999632 0.1        0.00013735 0.1
 0.1        0.08941634 0.08665591 0.1        0.1        0.0001
 0.02406593 0.1        0.0689356  0.09999884]",[[-5.4975682 10.        -0.55      -4.752    ]]
0.032724298326793085,2.677742340786538,1.0,0.8801000000000001,48,"[0.00536639 0.00571665 0.0060273  0.00105479 0.00610873 0.00577172
 0.00602307 0.00593782 0.00604993 0.00119511 0.00101797 0.00572049
 0.00092223 0.00588104 0.00587744 0.00494715 0.00602868 0.00180883
 0.00572037 0.00617467 0.00185289 0.0058935  0.00569461 0.00109253
 0.00095516 0.00142019 0.00141067 0.00089292 0.00548076 0.00556291
 0.00132596 0.00098696 0.00591918 0.000889   0.00587642 0.00558872
 0.0050299  0.00077407 0.00616582 0.00574819 0.00153198 0.00110656
 0.00204899 0.00584882 0.00083926 0.001629   0.00406414 0.00073675
 0.00132981 0.00122282 0.00185323 0.00601533 0.0010678  0.00094382
 0.00099966 0.00119524 0.00576419 0.00576917 0.0015628  0.00551886
 0.00605819 0.00136196 0.00143054 0.00123671 0.00570165 0.00100107
 0.00515996 0.00141413 0.00155624 0.00140721 0.00112804 0.0011304
 0.00473427 0.0006492  0.00083213 0.00155878 0.00128647 0.00134061
 0.0013044  0.00154917 0.00563422 0.00115206 0.00084994 0.00094266
 0.00286721 0.00160893 0.00144719 0.00092808 0.001026   0.00145756
 0.00108348 0.00160515 0.00099171 0.00587151 0.0011421  0.00569259
 0.00131029 0.0059831  0.00125096 0.00166908]",[[-0.4233514 -4.        -0.67      -0.784    ]]
0.35855956635617414,7.305554755972298,0.6060606060606061,0.05000000000000004,49,"[0.1        0.0001     0.0001     0.1        0.1        0.1
 0.06458788 0.1        0.0650712  0.1        0.0001     0.1
 0.0001     0.0999994  0.1        0.0001     0.1        0.0001
 0.1        0.00653484 0.0001     0.0001     0.03802814 0.0001
 0.0001     0.03665694 0.0001     0.0001     0.0001     0.0001
 0.0001     0.1        0.1        0.0001     0.0001     0.0251872
 0.0001     0.0001     0.0001     0.0001     0.0001     0.0001
 0.0001     0.0001     0.0001     0.0001     0.0001     0.0001
 0.0001     0.0001     0.0001     0.0001     0.0001     0.05070726
 0.0001     0.0001     0.02656572 0.0001     0.0001     0.0001
 0.0001     0.0001     0.0001     0.00482563 0.0001     0.0001
 0.0001     0.0001     0.0001     0.0997303  0.0001     0.0001
 0.0001     0.0001     0.0001     0.0001     0.1        0.00010041
 0.0001     0.05320474 0.03352852 0.0001     0.0001     0.0001
 0.0001     0.02701935 0.0001     0.0001     0.0001     0.0001
 0.1        0.0001     0.0001     0.0001     0.1        0.0001
 0.0001     0.0001     0.0001     0.0001    ]",[[-6.343271  2.       -0.85     -4.256   ]]
