U in s1,U in s2,U in s3,U in s4,U in s5,Po  in s1,Po  in s2,Po  in s3,Po  in s4,Po  in s5,In  in s1,In  in s2,In  in s3,In  in s4,In  in s5,Re  in s1,Re  in s2,Re  in s3,Re  in s4,Re  in s5,group,decisions,goals
0.8153570734089791,0.776435810629127,0.8701958290926587,0.5730893097506827,1.5494662035696278,5.745476193272461,7.809249273253108,9.826307872383786,4.103501888800114,2.281880556232,0.6161616161616161,0.6161616161616161,0.6161616161616161,0.6161616161616161,0.6161616161616161,0.05090000000000005,0.030000000000000075,0.03999999999999998,0.06120000000000012,0.0698,0,"[0.09990254 0.09990038 0.09988743 0.09987623 0.09986376 0.09985729
 0.09990254 0.09990038 0.09980498 0.09985105 0.09980498 0.09990254
 0.09990254 0.09990254 0.09987623 0.09984329 0.09989023 0.09983682
 0.09989023 0.09987445 0.09990254 0.09983682 0.09983681 0.09980498
 0.09990254 0.09984976 0.09987024 0.09990254 0.09990254 0.09990254
 0.09988413 0.08663175 0.09988279 0.09990254 0.09990254 0.09988918
 0.09980517 0.09990038 0.09982135 0.06648399 0.09990254 0.09984976
 0.09990254 0.09984329 0.09989671 0.09982434 0.09983682 0.05978873
 0.09982945 0.00027397 0.07416924 0.0998603  0.09990254 0.0703668
 0.09984329 0.06695109 0.09203392 0.06894423 0.08887121 0.08098276
 0.04520444 0.09984376 0.09983433 0.09990254 0.08958572 0.09987623
 0.02775753 0.01751094 0.08549273 0.0392177  0.05874839 0.00029502
 0.09987623 0.00989885 0.00019651 0.02024113 0.00029491 0.05256262
 0.05283892 0.00029502 0.06377177 0.07118703 0.09987623 0.06739055
 0.09986529 0.09984329 0.02011697 0.08379214 0.00018356 0.09981848
 0.09984967 0.04513932 0.09987623 0.09990254 0.09981034 0.03607262
 0.05876627 0.01255287 0.03627863 0.09990254]","[[-1.67507489  5.5        -0.5        -0.86666667]
 [-0.71010721  4.27777778 -0.9        -0.41333333]
 [-0.29942462  9.16666667 -0.56666667 -1.41777778]
 [-0.5259981   4.27777778 -0.43333333 -1.23777778]
 [-0.52910025  5.5        -0.43333333 -1.67333333]]"
0.6797448315870207,0.6562507434618899,0.7117397508009248,0.5208565697154627,1.035216488194184,5.67420457423247,7.578489248306065,9.329901230215452,4.080540614490924,2.2680394144768283,0.7070707070707071,0.7070707070707071,0.7070707070707071,0.7070707070707071,0.7070707070707071,0.05040000000000004,0.030000000000000075,0.03999999999999998,0.06090000000000014,0.0699,1,"[0.1        0.1        0.09999963 0.09997304 0.09998212 0.09978954
 0.09987748 0.09991954 0.0999435  0.09995512 0.09988925 0.09972258
 0.09971084 0.09987876 0.09996225 0.09973962 0.09993611 0.099852
 0.09991502 0.09991989 0.09991751 0.05584547 0.09989643 0.09967839
 0.00021287 0.09975255 0.09991657 0.09986848 0.09984488 0.0997886
 0.09979179 0.00015105 0.09980537 0.00031041 0.00017455 0.04489443
 0.01478115 0.06110662 0.00033848 0.00010308 0.00022273 0.09965367
 0.00011723 0.06447928 0.02325162 0.03350396 0.00030453 0.00019535
 0.01120445 0.02545615 0.04548799 0.00016164 0.0219893  0.03617801
 0.00029213 0.00017224 0.00019506 0.00013278 0.00025235 0.00025658
 0.00011157 0.02600334 0.03489217 0.00010903 0.00015152 0.05764105
 0.00024627 0.02579538 0.06070458 0.00018844 0.01735747 0.01958102
 0.00018674 0.00026992 0.01012844 0.0001     0.00023875 0.00014377
 0.00024583 0.01711637 0.02985327 0.01701356 0.00013882 0.00010078
 0.00024725 0.0002143  0.00022436 0.00015357 0.00024695 0.00017773
 0.00013152 0.00021728 0.00027402 0.00011656 0.00019703 0.09870178
 0.01700629 0.00781226 0.00022158 0.00021849]","[[-0.57925492  3.94642915 -1.         -0.0993    ]
 [-1.01362664  8.06416808 -1.         -0.02      ]
 [-1.05876449  3.96619777 -1.         -0.06      ]
 [-0.58515574 10.93652112 -1.         -0.05      ]
 [-1.73475222  2.2841243  -1.         -0.0697    ]]"
0.022158839085941597,0.02122698371896207,0.023453886157017427,0.016159965448042688,0.03826848044792209,0.11040702060568355,0.14505462623912022,0.13033867809557823,0.14303747064945804,0.0650901089086602,1.0,1.0,1.0,1.0,1.0,1.0000000000000007,1.0000000000000007,1.0000000000000007,1.0000000000000007,1.0000000000000007,2,"[0.0029798  0.00307133 0.00278752 0.00274322 0.00288929 0.00279001
 0.00298538 0.0027045  0.00288535 0.0033711  0.00289323 0.00298158
 0.00307249 0.00297678 0.003169   0.00326153 0.00214679 0.00308541
 0.00278954 0.00304081 0.0027509  0.00298067 0.0031713  0.0029801
 0.00275521 0.0014716  0.00217329 0.00320087 0.00152869 0.00298647
 0.00316709 0.00300192 0.00308282 0.00257882 0.00233489 0.00229626
 0.00274609 0.00096482 0.00249074 0.00115053 0.00275154 0.00173537
 0.00289723 0.00058181 0.00200197 0.00057506 0.00198704 0.00298686
 0.00108541 0.00061372 0.00110967 0.00059214 0.00057396 0.00106587
 0.00134697 0.00066712 0.00057805 0.00234964 0.00077333 0.00136727
 0.00077163 0.00102863 0.00114617 0.00297984 0.00201969 0.00228147
 0.00057743 0.00086884 0.00059062 0.00068765 0.00074931 0.00134679
 0.00077535 0.00090129 0.0005966  0.00105951 0.00069035 0.00058053
 0.00048933 0.00081994 0.00058218 0.00104247 0.00142516 0.00096749
 0.00078155 0.0011457  0.00068812 0.00049036 0.00096465 0.00077951
 0.00049113 0.00039627 0.00057971 0.00280047 0.00067241 0.00060401
 0.00058538 0.00060124 0.00114855 0.00220208]","[[-0.00579255  0.01956529 -1.         -1.        ]
 [-0.01013628  0.04159625 -1.         -1.        ]
 [-0.01058766  0.01912569 -1.         -1.        ]
 [-0.00585156  0.04872581 -1.         -1.        ]
 [-0.01734761  0.05852267 -1.         -1.        ]]"
0.8439166728345828,0.8006105897275607,0.9055757032197863,0.5807560045231139,1.7192064776407068,5.75566233673784,7.841282404595692,9.930313015365112,4.10789329840276,2.283800060318395,0.9292929292929293,0.9292929292929293,0.9292929292929293,0.9292929292929293,0.9292929292929293,0.050700000000000044,0.030000000000000075,0.03999999999999998,0.061200000000000136,0.0699,3,"[0.09999989 0.09999734 0.09998154 0.1        0.1        0.09996856
 0.1        0.1        0.09999022 0.1        0.1        0.0998475
 0.09995535 0.09992018 0.1        0.1        0.1        0.09998655
 0.1        0.09996517 0.09997788 0.1        0.09991095 0.1
 0.09984176 0.09995182 0.09981469 0.0999894  0.1        0.09998975
 0.1        0.09993915 0.09996829 0.0999998  0.09998179 0.09992996
 0.09997163 0.09999573 0.09999558 0.09996924 0.09459035 0.1
 0.1        0.09996856 0.1        0.09996856 0.1        0.09999708
 0.09999991 0.09987606 0.1        0.1        0.09998659 0.09999731
 0.1        0.09995556 0.09999632 0.09994008 0.09999234 0.09996869
 0.1        0.1        0.09999845 0.09998229 0.09998171 0.09986996
 0.0758479  0.09996696 0.09998474 0.09999542 0.1        0.1
 0.1        0.09995334 0.0999925  0.09995602 0.09996856 0.09990321
 0.1        0.09999814 0.09991271 0.09992478 0.1        0.0999396
 0.09987366 0.06392636 0.1        0.09992107 0.05664937 0.07577089
 0.0999796  0.1        0.09986583 0.1        0.1        0.1
 0.1        0.09994361 0.09438142 0.02302591]","[[-0.86203798 10.61627907 -0.86744186 -2.05860465]
 [-0.10602488  5.24418605 -0.56046512 -0.58697674]
 [-2.06216741  9.59302326 -0.49069767 -3.32744186]
 [-0.32356332  9.84883721 -0.76976744 -1.70372093]
 [-8.37297405 10.61627907 -0.49069767 -1.15674419]]"
0.7384558849981442,0.7088096839049454,0.7794374980690539,0.5451757975053634,1.2333754680531124,5.689663218645709,7.689631229445386,9.606157184866913,4.082312301916854,2.269652502824995,0.6060606060606061,0.6060606060606061,0.6060606060606061,0.6060606060606061,0.6060606060606061,0.050600000000000034,0.030000000000000075,0.03999999999999998,0.06080000000000014,0.06990000000000002,4,"[0.09998703 0.0998696  0.09981103 0.09991947 0.09986178 0.09983067
 0.09987274 0.09995723 0.09977921 0.09973235 0.09994682 0.09971178
 0.099621   0.09969792 0.09986703 0.09987719 0.09998992 0.09999788
 0.09953046 0.09996693 0.09977476 0.09961053 0.09979487 0.09940137
 0.03559825 0.09968446 0.09957478 0.09969298 0.04705832 0.09981045
 0.09963565 0.09967306 0.09972384 0.00048843 0.09953228 0.09981792
 0.0995338  0.09975485 0.00056115 0.09980934 0.09974082 0.00028267
 0.00064993 0.09949665 0.05791962 0.00064468 0.09945589 0.00030926
 0.05248556 0.00047942 0.00218206 0.02212544 0.00051466 0.00057307
 0.09962612 0.09730958 0.09945368 0.09976573 0.00052316 0.00035198
 0.00032439 0.0002059  0.00036121 0.00030241 0.00010562 0.08631277
 0.01362878 0.00059771 0.03243393 0.01356171 0.00025243 0.00062111
 0.00023757 0.07789891 0.09413446 0.00066192 0.000164   0.000315
 0.00019922 0.0675549  0.05935138 0.00040119 0.00058477 0.00054912
 0.00049541 0.00594992 0.00051586 0.04865324 0.00054338 0.09969198
 0.07463074 0.04585945 0.00020885 0.03070512 0.00058522 0.02773405
 0.00059277 0.09950024 0.02139351 0.00039261]","[[-0.91359595  3.70930233 -0.89534884 -3.55813953]
 [-0.86796324  4.47674419 -0.85348837 -0.2744186 ]
 [-4.5011582  10.36046512 -0.89534884 -2.28930233]
 [-0.76647535  7.54651163 -0.68604651 -1.74930233]
 [-7.3702061   6.52325581 -0.88139535 -1.24790698]]"
0.8118785375880755,0.773437076730035,0.8660033555606858,0.5721876372722127,1.5324419966948346,5.747471865099179,7.798553809531984,9.80045606915567,4.105918548634782,2.283490641211795,0.6868686868686869,0.6868686868686869,0.6868686868686869,0.6868686868686869,0.6868686868686869,0.050600000000000034,0.030000000000000075,0.03999999999999998,0.06060000000000014,0.06980000000000001,5,"[0.09998367 0.09997047 0.0999971  0.09994675 0.09996782 0.09999706
 0.09999717 0.09999684 0.09983674 0.09999722 0.0999903  0.09999708
 0.0999545  0.09990467 0.09999437 0.09998408 0.09991563 0.09999624
 0.0998784  0.09996299 0.09999714 0.09973973 0.09971959 0.09996299
 0.09994275 0.09983279 0.09999561 0.0999779  0.09994094 0.09979791
 0.09995367 0.09985761 0.09997945 0.09997919 0.09994674 0.09999708
 0.0998119  0.09930126 0.0997847  0.09954057 0.06742266 0.09996354
 0.09998916 0.09996299 0.09994886 0.00058222 0.09969938 0.09991169
 0.06388039 0.00090493 0.00073407 0.09986575 0.09937499 0.09996092
 0.07532348 0.09999013 0.09996698 0.09945751 0.09999466 0.00038215
 0.0910815  0.00091106 0.00033185 0.00070783 0.09993744 0.099763
 0.09967706 0.09999696 0.09999351 0.09966169 0.09536325 0.09203849
 0.0388565  0.09928306 0.09996296 0.09982658 0.00087518 0.05759301
 0.09931709 0.09999347 0.09979677 0.01163691 0.09935745 0.00988869
 0.02657503 0.04111842 0.00047119 0.00010545 0.09987315 0.00027024
 0.07827989 0.00782424 0.07558681 0.09991462 0.09994692 0.00031751
 0.00027068 0.09590446 0.00862486 0.00048697]","[[-0.16600543  0.12790698 -0.58837209 -4.3655814 ]
 [-0.59904382  9.3372093  -0.63023256 -0.83255814]
 [-4.86700682  3.19767442 -0.63023256 -0.44372093]
 [-1.07911914 10.10465116 -0.61627907 -0.70093023]
 [-3.55968785  4.22093023 -0.74186047 -1.70372093]]"
0.0008869006182680133,0.0008410668141478449,0.0009522430066325386,0.0006091242364438249,0.0018226899355083639,0.0959431865226399,0.10923800838709176,0.10484768709977747,0.13186602478368675,0.05563826695015816,1.0,1.0,1.0,1.0,1.0,1.0000000000000007,1.0000000000000007,1.0000000000000007,1.0000000000000007,1.0000000000000007,6,"[0.0001     0.00011107 0.00011132 0.00010158 0.0001     0.00010748
 0.0001     0.0001     0.00010411 0.00011196 0.00011117 0.0001
 0.00010545 0.00011105 0.0001     0.00010289 0.0001     0.00010556
 0.0001     0.00010284 0.0001     0.00010191 0.00011549 0.00010717
 0.00011416 0.0001     0.0001     0.0001     0.00010743 0.0001
 0.00010736 0.00010032 0.00011109 0.00011927 0.00010945 0.0001
 0.00010389 0.00010925 0.00010938 0.0001     0.00011248 0.0001
 0.0001     0.00010774 0.0001     0.0001     0.0001     0.00011609
 0.00010648 0.0001     0.00011288 0.0001092  0.0001     0.00011612
 0.0001     0.00010935 0.00010955 0.00010215 0.0001     0.00010102
 0.0001     0.00010435 0.0001     0.0001     0.0001015  0.00010434
 0.00010531 0.0001     0.00010986 0.0001     0.0001     0.0001
 0.00011199 0.00010937 0.00010394 0.0001     0.0001115  0.00011128
 0.0001     0.00010816 0.00011859 0.0001     0.0001145  0.00010377
 0.00011523 0.0001     0.00010963 0.00011543 0.00011195 0.0001
 0.00010758 0.00010559 0.0001     0.00011102 0.00010208 0.00010714
 0.00010277 0.00011267 0.00010176 0.00011078]","[[-1.04249087  7.03488372 -0.74186047 -4.82697674]
 [-0.75591348  5.5        -0.8255814  -0.36372093]
 [-0.47682339  6.01162791 -0.74186047 -2.98139535]
 [-0.40172426  6.77906977 -0.67209302 -1.20232558]
 [-5.56522377  2.94186047 -0.78372093 -1.47581395]]"
0.07454547335666607,0.0716480706000531,0.07853675335166103,0.05549426827634156,0.12179051806713702,0.16064985697347986,7.1408522514686,9.02849386790729,0.18197891470754013,0.09145316950960147,1.0,1.0,1.0,1.0,1.0,1.0000000000000007,0.2523000000000002,0.3722000000000001,1.0000000000000007,1.0000000000000007,7,"[0.01029413 0.01029413 0.01029375 0.01029375 0.01009911 0.01009911
 0.01029375 0.01029413 0.01009958 0.01029413 0.00990485 0.01000203
 0.01039149 0.01019667 0.01019667 0.01029413 0.01029413 0.01019667
 0.01029375 0.01019667 0.01029413 0.01009939 0.00990485 0.00988614
 0.01019647 0.01029375 0.00990485 0.01001064 0.01029451 0.01019705
 0.00048928 0.01000203 0.00225617 0.01009911 0.00658715 0.00419595
 0.01009911 0.00568793 0.00559645 0.00048918 0.00577222 0.00409558
 0.0073516  0.00127138 0.00068392 0.01048877 0.00271009 0.00167496
 0.00881937 0.00639618 0.00058665 0.00303719 0.00370282 0.00039182
 0.00068392 0.00086685 0.00451471 0.00048918 0.00423717 0.00058665
 0.00290666 0.00391159 0.00724408 0.00852717 0.00048956 0.00048918
 0.00048918 0.0003921  0.00296824 0.00153155 0.00058665 0.00092507
 0.00094786 0.00048918 0.00848089 0.00058665 0.00048966 0.00048918
 0.00048918 0.00170536 0.00693986 0.00048937 0.00574922 0.00359674
 0.00164722 0.00048918 0.00300829 0.00048918 0.00209523 0.0003922
 0.00058665 0.00029454 0.00048918 0.00417138 0.00058684 0.00261352
 0.00542565 0.00058665 0.00039239 0.0035969 ]","[[-1.90005648  8.25       -0.43       -1.4784    ]
 [-3.51251636 10.89       -0.958      -0.856     ]
 [-1.78046397  9.13       -0.634      -4.752     ]
 [-0.53888044  5.83       -0.922      -0.8436    ]
 [-5.82794898  3.63       -0.658      -0.2164    ]]"
0.7342955446987199,0.705398105475506,0.7741009987586196,0.5445238906914894,1.202742102215329,5.685073282126666,7.666681381203059,9.550236099425593,4.08310982515968,2.273526450116709,0.5353535353535354,0.5353535353535354,0.5353535353535354,0.5353535353535354,0.5353535353535354,0.050600000000000034,0.030000000000000075,0.03999999999999998,0.061200000000000115,0.06990000000000002,8,"[0.09999533 0.09993745 0.09998497 0.09980006 0.09993804 0.09999817
 0.09998093 0.09996063 0.09984994 0.09997309 0.09982619 0.09986735
 0.09996792 0.09976681 0.09991796 0.0998917  0.09979318 0.09974358
 0.09984726 0.09986732 0.0997341  0.09995757 0.09987304 0.08410707
 0.09981411 0.0999773  0.09980686 0.07686328 0.09966646 0.0003304
 0.06447343 0.09980399 0.09977914 0.09995997 0.08982315 0.0997993
 0.03996334 0.09861048 0.03395084 0.00025925 0.08025456 0.04821086
 0.08051023 0.03674503 0.00383697 0.09980457 0.01214358 0.07567376
 0.03847099 0.00032354 0.03232537 0.09963222 0.00044147 0.03765628
 0.00077055 0.00039274 0.00042346 0.05291073 0.0198156  0.09966332
 0.00043994 0.00166228 0.03410073 0.00027131 0.03142583 0.00038596
 0.09977428 0.00028835 0.00044277 0.00029785 0.00041665 0.06955627
 0.01078589 0.0273576  0.00036629 0.0002216  0.00648795 0.02573957
 0.01757544 0.00140657 0.00604212 0.09063295 0.03106497 0.00032239
 0.01730681 0.03616013 0.00054276 0.00059758 0.00049378 0.03283498
 0.00032792 0.0004435  0.00029573 0.00036594 0.0001     0.00047274
 0.02344413 0.00023271 0.01669414 0.05552606]","[[-1.72928204  1.43       -0.418      -1.1808    ]
 [-1.70598608  6.27       -0.526      -0.184     ]
 [-4.71700888  0.99       -0.454      -4.256     ]
 [-0.65391113  8.03       -0.73       -0.6084    ]
 [-5.13804462  2.97       -0.946      -0.3732    ]]"
0.7404774136159519,0.710365409805653,0.7822123511249788,0.5452712103051811,1.2522460163960087,5.694954287145863,7.628311770273973,9.582075218033983,4.097606907754768,2.279565614163571,0.5353535353535354,0.5353535353535354,0.5353535353535354,0.5353535353535354,0.5353535353535354,0.05110000000000004,0.030000000000000075,0.03999999999999998,0.061400000000000135,0.0699,9,"[0.09984581 0.09990139 0.09981461 0.09974411 0.09991412 0.09979517
 0.09980332 0.09979189 0.09988515 0.09981701 0.09973903 0.09981658
 0.09997024 0.09995025 0.09983623 0.09949706 0.09934773 0.09287084
 0.0997422  0.09928073 0.09988578 0.0978224  0.09971784 0.09928496
 0.09978958 0.09944239 0.09974013 0.09874186 0.09914628 0.09925757
 0.03509598 0.05416002 0.09928915 0.00127468 0.00217203 0.0985553
 0.09848008 0.00088763 0.09911841 0.05799739 0.09858467 0.04485843
 0.09907374 0.08782772 0.05629263 0.01596117 0.00097412 0.00138794
 0.09809579 0.09851854 0.07267314 0.00193568 0.00180917 0.09571089
 0.07968377 0.0010935  0.02566035 0.00205789 0.01780285 0.00133886
 0.00144213 0.03945901 0.06205811 0.00105112 0.07058083 0.01673477
 0.02050721 0.00749006 0.0897082  0.00149214 0.00047514 0.03472326
 0.09720194 0.08526195 0.05212624 0.00162994 0.062213   0.01297675
 0.05933527 0.00095204 0.04353461 0.00110631 0.00070205 0.00178692
 0.05737188 0.00184594 0.05557363 0.02235098 0.00136828 0.04908802
 0.03832669 0.00106106 0.0019682  0.0016178  0.0013099  0.09679583
 0.00107542 0.0191942  0.0067527  0.0574245 ]","[[-0.53386093  0.77       -0.658      -3.264     ]
 [-3.31179077  0.99       -0.454      -0.4144    ]
 [-2.82923001  2.75       -0.946      -1.3792    ]
 [-2.32185615 10.89       -0.706      -0.53      ]
 [-0.48119022  5.61       -0.766      -0.4124    ]]"
0.7762525267020274,0.7419444872613724,0.8242233270499009,0.5585964000207491,1.3934370306117667,5.698384304709092,7.722688841247008,9.705625991945746,4.08845943962969,2.276964364366901,0.48484848484848486,0.48484848484848486,0.48484848484848486,0.48484848484848486,0.48484848484848486,0.05060000000000005,0.030000000000000075,0.03999999999999998,0.061000000000000144,0.0699,10,"[0.09999271 0.09998223 0.1        0.0998855  0.09999999 0.09987581
 0.09999403 0.09991327 0.099997   0.09981568 0.09988828 0.09990911
 0.1        0.09983467 0.09985769 0.09986721 0.09987643 0.09970435
 0.09951175 0.09982732 0.09988929 0.09987528 0.0996698  0.09900158
 0.09917933 0.09950967 0.09964981 0.05823939 0.09990438 0.0592903
 0.09954101 0.04253326 0.09995332 0.0996928  0.09964122 0.09955038
 0.0771275  0.09984966 0.08967399 0.03167429 0.09904708 0.0496417
 0.09898516 0.09932665 0.09921901 0.00062719 0.08518888 0.01408343
 0.09968945 0.09984521 0.06409405 0.09980019 0.0001047  0.0303052
 0.05233619 0.07874954 0.07960963 0.04234168 0.0652801  0.05506527
 0.0722212  0.09920364 0.04746281 0.0002905  0.00036906 0.09972017
 0.00084476 0.00399644 0.07637195 0.00099203 0.09913487 0.05702965
 0.0253438  0.04521402 0.00097973 0.02102833 0.0133617  0.0005459
 0.04461289 0.07663536 0.00123497 0.0014076  0.00662078 0.08256727
 0.09949193 0.09977772 0.00125428 0.09948248 0.00113529 0.08201701
 0.00079846 0.00101735 0.06871955 0.0578885  0.03219932 0.08881911
 0.03663858 0.05559383 0.09960228 0.00045595]","[[-2.29853019  6.27       -0.802      -2.3712    ]
 [-1.60562329  2.97       -0.682      -0.376     ]
 [-2.30484699  0.33       -0.91       -0.6848    ]
 [-2.49440219  9.35       -0.682      -0.3732    ]
 [-4.79309244  7.81       -0.982      -1.7844    ]]"
0.000917185486062494,0.0008699504870779664,0.000984531947860035,0.0006309902492723078,0.001881896375191083,0.09528294285687348,0.1100903611181497,0.10260235123724643,0.13159720457535137,0.05544891883264425,1.0,1.0,1.0,1.0,1.0,1.0000000000000007,1.0000000000000007,1.0000000000000007,1.0000000000000007,1.0000000000000007,11,"[0.0001146  0.0001     0.00011502 0.00012348 0.00011292 0.0001
 0.00010896 0.0001     0.00010394 0.00011039 0.00010317 0.00010854
 0.0001     0.00011232 0.0001     0.00012461 0.0001     0.00010491
 0.00011072 0.0001     0.0001     0.00010732 0.00011903 0.00010672
 0.00011648 0.00011984 0.00010845 0.00012461 0.0001     0.0001
 0.0001     0.00010049 0.00010837 0.0001     0.00012403 0.00012009
 0.0001     0.00010415 0.00011008 0.00011427 0.00011172 0.00010081
 0.00011724 0.00012461 0.00010495 0.0001     0.0001     0.00010975
 0.00011556 0.0001     0.0001     0.00011022 0.0001     0.0001
 0.0001     0.00010827 0.0001     0.0001     0.00011345 0.0001076
 0.00010465 0.00010921 0.00011291 0.0001     0.0001     0.00012461
 0.000116   0.00012299 0.00011484 0.00011127 0.00012461 0.00010538
 0.00011511 0.00011316 0.0001     0.00012461 0.00012461 0.00012461
 0.0001     0.0001     0.0001     0.00012461 0.0001     0.0001
 0.0001     0.0001     0.00012017 0.00012258 0.00010695 0.00010957
 0.00012461 0.0001038  0.00010615 0.00011152 0.00010368 0.00012012
 0.0001     0.0001     0.0001     0.0001    ]","[[-0.96515392  4.98837209 -0.83953488 -4.94232558]
 [-0.28530449  4.22093023 -0.47674419 -0.11813953]
 [-2.42801602  4.98837209 -0.5744186  -3.21209302]
 [-0.71436805  2.68604651 -0.72790698 -1.47581395]
 [-3.96079504  9.84883721 -0.61627907 -1.11116279]]"
0.04329611576838599,0.04204182798598474,0.045038588017402945,0.0351248660355309,0.06557862108423368,0.12123048499169047,0.40925806075261806,0.14674804338070452,0.15265646018265833,0.08398749007463753,1.0,1.0,1.0,1.0,1.0,1.0000000000000007,0.9882000000000005,1.0000000000000007,1.0000000000000007,1.0000000000000007,12,"[0.00646931 0.00646931 0.01654706 0.01654706 0.013114   0.00257653
 0.0058344  0.01088851 0.00732423 0.00195735 0.00195735 0.00854659
 0.00195735 0.00195735 0.00195735 0.00195735 0.00646931 0.00195735
 0.00195735 0.00195735 0.0017466  0.00272669 0.00195735 0.00614681
 0.00100701 0.00115691 0.00574199 0.00195735 0.00180275 0.00195735
 0.00124805 0.00555668 0.00195735 0.00230357 0.00195735 0.00247961
 0.01247493 0.00189905 0.00128739 0.0008767  0.0004071  0.00195735
 0.00142701 0.00159508 0.00104027 0.00320859 0.00193338 0.00195735
 0.00179595 0.00082878 0.00068267 0.00087318 0.00065344 0.00131518
 0.00171716 0.00134791 0.00175435 0.00018187 0.00130858 0.00057714
 0.00509375 0.00195735 0.00320859 0.0006481  0.00155083 0.00067696
 0.00049039 0.00337831 0.00115318 0.00105667 0.00461196 0.00019749
 0.00381997 0.0016548  0.00019749 0.0001     0.00461196 0.00141802
 0.00022071 0.00491907 0.0006702  0.0003998  0.00033984 0.00101878
 0.00374159 0.00407019 0.01031776 0.00320859 0.00069212 0.00216759
 0.00360509 0.00114821 0.00345854 0.0001     0.00026244 0.00106248
 0.00079684 0.00368159 0.00184535 0.00177885]","[[-0.05        0.01644015 -0.7        -0.7       ]
 [-0.05        0.02965281 -0.7        -0.99      ]
 [-0.05        0.01663382 -0.7        -0.7       ]
 [-0.05        0.0429573  -0.7        -0.7       ]
 [-0.05        0.05544663 -0.7        -0.7       ]]"
0.0008457527997119508,0.0008021286551054173,0.0009079286189072404,0.0005812045716950326,0.0017347608882104931,0.09561947964885684,0.11016023573213213,0.10305730092473932,0.13146942097575218,0.055557057709223825,1.0,1.0,1.0,1.0,1.0,1.0000000000000007,1.0000000000000007,1.0000000000000007,1.0000000000000007,1.0000000000000007,13,"[0.0001 0.0001 0.0001 0.0001 0.0001 0.0001 0.0001 0.0001 0.0001 0.0001
 0.0001 0.0001 0.0001 0.0001 0.0001 0.0001 0.0001 0.0001 0.0001 0.0001
 0.0001 0.0001 0.0001 0.0001 0.0001 0.0001 0.0001 0.0001 0.0001 0.0001
 0.0001 0.0001 0.0001 0.0001 0.0001 0.0001 0.0001 0.0001 0.0001 0.0001
 0.0001 0.0001 0.0001 0.0001 0.0001 0.0001 0.0001 0.0001 0.0001 0.0001
 0.0001 0.0001 0.0001 0.0001 0.0001 0.0001 0.0001 0.0001 0.0001 0.0001
 0.0001 0.0001 0.0001 0.0001 0.0001 0.0001 0.0001 0.0001 0.0001 0.0001
 0.0001 0.0001 0.0001 0.0001 0.0001 0.0001 0.0001 0.0001 0.0001 0.0001
 0.0001 0.0001 0.0001 0.0001 0.0001 0.0001 0.0001 0.0001 0.0001 0.0001
 0.0001 0.0001 0.0001 0.0001 0.0001 0.0001 0.0001 0.0001 0.0001 0.0001]","[[ -0.01   0.    -0.7  -10.  ]
 [   nan    nan    nan    nan]
 [   nan    nan    nan    nan]
 [   nan    nan    nan    nan]
 [   nan    nan    nan    nan]]"
0.7118027283654049,0.6852109263507169,0.748289537622888,0.5352384286486721,1.1346694924897396,5.63434534320515,7.566975534841504,9.472249599405625,4.082894977219052,2.2758028227228664,0.5555555555555556,0.5555555555555556,0.5555555555555556,0.5555555555555556,0.5555555555555556,0.05060000000000005,0.030000000000000075,0.03999999999999998,0.061100000000000126,0.07,14,"[0.09997869 0.09993647 0.1        0.09986904 0.09987448 0.1
 0.09997191 0.09992825 0.0998177  0.09993632 0.09973793 0.0997598
 0.09982348 0.0999397  0.09990229 0.09985512 0.09977208 0.09983465
 0.09981322 0.09978275 0.09973875 0.09954664 0.09974057 0.09979831
 0.0997155  0.09948285 0.02390337 0.09988713 0.09960569 0.03511855
 0.09968375 0.08354295 0.06127144 0.0006047  0.08062497 0.09490038
 0.05084849 0.00698062 0.09948011 0.00090125 0.08512002 0.07221862
 0.00637278 0.00032263 0.02928327 0.02144611 0.00024707 0.09953915
 0.00019898 0.04376826 0.01021793 0.00020751 0.00023884 0.09967486
 0.00037818 0.09271116 0.00050134 0.00023654 0.0003258  0.03962817
 0.00035427 0.00031748 0.01038605 0.00046787 0.05984396 0.00020952
 0.00033331 0.0210535  0.00031047 0.00026809 0.00024517 0.01047512
 0.01402817 0.06848683 0.05118629 0.00043555 0.03925931 0.03565726
 0.00028053 0.03779485 0.00036395 0.013466   0.00028996 0.00059143
 0.07520951 0.00032301 0.00029162 0.00015873 0.00020927 0.00051929
 0.00377089 0.00045063 0.02450891 0.00028789 0.04436557 0.08946613
 0.00013729 0.00058103 0.02059296 0.0002067 ]","[[-0.93233463  1.87       -0.502      -2.6688    ]
 [-2.20780005  8.91       -0.73       -0.8944    ]
 [-2.09509378  4.51       -0.742      -0.8832    ]
 [-2.72446357  2.75       -0.778      -1.0788    ]
 [-6.69032942  5.83       -0.502      -0.2556    ]]"
0.7246252096600461,0.6971676541033535,0.7622863779472044,0.5423079863566987,1.1592820775792725,5.700555286447423,7.656874712543263,9.504455261642361,4.094031168944397,2.27934587135064,0.6060606060606061,0.6060606060606061,0.6060606060606061,0.6060606060606061,0.6060606060606061,0.050500000000000045,0.030000000000000075,0.03999999999999998,0.060900000000000135,0.06980000000000001,15,"[0.09999348 0.09997812 0.09996354 0.0999392  0.09986422 0.09993954
 0.09997234 0.09989008 0.09988909 0.09992232 0.09994301 0.09984451
 0.09999283 0.09984094 0.09976119 0.09974667 0.09964461 0.09969879
 0.09955173 0.09948493 0.09974728 0.09957878 0.09971336 0.09973588
 0.09966558 0.09961614 0.09969218 0.0999416  0.08590347 0.09960866
 0.0733484  0.09935237 0.09945948 0.0005228  0.04526356 0.07253766
 0.04444351 0.07191235 0.09293394 0.00829459 0.05177288 0.06851485
 0.05655432 0.00033279 0.00033219 0.00027106 0.07227825 0.00013048
 0.01124898 0.00022404 0.05473255 0.00029498 0.00035896 0.09158273
 0.06498228 0.00060844 0.00054785 0.03214673 0.00040375 0.09966626
 0.00028341 0.00024288 0.01737853 0.00033069 0.00043547 0.00058497
 0.02758573 0.00053854 0.00032412 0.00036276 0.0003673  0.00387892
 0.00024502 0.03285554 0.00018882 0.06904647 0.01364291 0.00025375
 0.00048593 0.00020594 0.00020526 0.05586312 0.00044798 0.00055594
 0.0259179  0.04624685 0.05769595 0.02532669 0.06320879 0.00057643
 0.07547549 0.0005363  0.00036541 0.00029693 0.00016663 0.00034244
 0.00020426 0.03062556 0.00016072 0.00017451]","[[-22.  15.  -5.  -0.]
 [-22.  15.  -5.  -0.]
 [-22.  15.  -5.  -0.]
 [-22.  15.  -5.  -0.]
 [-22.  15.  -5.  -0.]]"
0.8062431522666331,0.7679337366433905,0.8603222155950525,0.5685045654605696,1.5407204357463102,5.70792949233438,7.761214394060572,9.805457195156475,4.101724403031011,2.2822823974381605,0.5858585858585859,0.5858585858585859,0.5858585858585859,0.5858585858585859,0.5858585858585859,0.050700000000000044,0.030000000000000075,0.03999999999999998,0.06130000000000013,0.0699,16,"[0.1        0.1        0.1        0.1        0.1        0.1
 0.1        0.1        0.1        0.1        0.1        0.1
 0.1        0.1        0.1        0.1        0.1        0.1
 0.1        0.1        0.1        0.1        0.1        0.1
 0.1        0.1        0.1        0.1        0.1        0.1
 0.06019104 0.1        0.1        0.07808781 0.1        0.01718357
 0.1        0.1        0.1        0.1        0.05264868 0.1
 0.06679045 0.1        0.1        0.1        0.04969083 0.1
 0.1        0.08311389 0.00019756 0.08378271 0.1        0.1
 0.1        0.08662865 0.1        0.1        0.07954012 0.00019756
 0.1        0.1        0.1        0.00019756 0.05921278 0.08441129
 0.00019756 0.1        0.07262895 0.1        0.07745736 0.01191811
 0.00019756 0.1        0.1        0.1        0.1        0.00019756
 0.05328839 0.1        0.05849293 0.1        0.1        0.00019756
 0.08330816 0.00019756 0.1        0.07428541 0.06688501 0.1
 0.1        0.08181348 0.00019756 0.0123269  0.01705459 0.1
 0.08136727 0.06634112 0.1        0.1       ]","[[-0.30616167  4.51       -0.646      -1.3792    ]
 [-1.00344653  5.39       -0.934      -0.8368    ]
 [-3.24873643  8.25       -0.718      -3.0656    ]
 [-2.2643408   6.71       -0.646      -0.138     ]
 [-1.51604675 10.01       -0.586      -1.9412    ]]"
0.8135771515304481,0.7745955926900534,0.8685892911643679,0.5716629296248378,1.5582191194726884,5.749730441112921,7.799635995361329,9.823919545640216,4.105274145635923,2.283026246023395,0.6767676767676768,0.6767676767676768,0.6767676767676768,0.6767676767676768,0.6767676767676768,0.050500000000000045,0.030000000000000075,0.03999999999999998,0.06120000000000012,0.0699,17,"[0.0998569  0.09993737 0.09990348 0.09998356 0.09990954 0.0998123
 0.09979684 0.09983102 0.09961258 0.09982531 0.09988689 0.09968648
 0.09940852 0.09983496 0.09976843 0.09996753 0.09991666 0.09979799
 0.09970927 0.09966775 0.09963047 0.09991154 0.09322371 0.09954039
 0.09933226 0.09940559 0.0992125  0.09990208 0.09934563 0.09985556
 0.09987459 0.09987211 0.09992255 0.09980019 0.09961637 0.09937353
 0.09958642 0.09951502 0.09977058 0.0994699  0.09991289 0.09970417
 0.03610018 0.05756495 0.09967232 0.09447365 0.09944313 0.00720727
 0.09979234 0.09967178 0.0994646  0.06798636 0.05699523 0.04573312
 0.07622349 0.09886438 0.0462883  0.09902668 0.06075275 0.07210761
 0.07052069 0.08456459 0.0997758  0.09975897 0.09934765 0.08606841
 0.09939107 0.0996369  0.09896836 0.01688039 0.03549707 0.00154684
 0.03833808 0.0999375  0.072738   0.01284253 0.09956542 0.08434538
 0.00053672 0.09905591 0.09982418 0.0081901  0.0989287  0.05654467
 0.09946835 0.00157927 0.0343667  0.03746624 0.09991124 0.04674194
 0.08366049 0.08824283 0.08948008 0.06830314 0.0748112  0.08546382
 0.09883747 0.09990664 0.00111319 0.05033789]","[[-0.44957425  3.96511628 -0.95116279 -0.55906977]
 [-0.82314334  6.77906977 -0.5744186  -0.8772093 ]
 [-4.62310774  1.15116279 -0.65813953 -2.52      ]
 [-0.97490454  1.40697674 -0.99302326 -0.79209302]
 [-2.3563663   6.26744186 -0.65813953 -1.38465116]]"
0.0008842475990288833,0.0008386741925862528,0.0009491821817247262,0.0006076303044167573,0.001811714885952168,0.09530069125660072,0.1113444221438388,0.1033072731798019,0.13212075632667986,0.055435952166060794,1.0,1.0,1.0,1.0,1.0,1.0000000000000007,1.0000000000000007,1.0000000000000007,1.0000000000000007,1.0000000000000007,18,"[0.0001     0.0001038  0.00010127 0.0001     0.00011564 0.00010057
 0.00011028 0.00010502 0.0001     0.0001     0.00011229 0.00010332
 0.00010934 0.00010069 0.00010881 0.00011221 0.00010084 0.00011016
 0.00011123 0.00011257 0.0001     0.0001     0.00010444 0.00010138
 0.00010235 0.0001     0.00010252 0.0001     0.00010588 0.0001
 0.0001     0.00010478 0.00011859 0.00011372 0.0001     0.0001
 0.00010467 0.000102   0.0001     0.0001045  0.0001     0.0001
 0.0001     0.00011313 0.00011758 0.0001     0.00010443 0.0001
 0.0001     0.0001     0.0001     0.0001054  0.0001     0.00011099
 0.00010325 0.0001     0.00011954 0.00011262 0.00010555 0.0001
 0.0001037  0.0001     0.0001     0.00010131 0.00010412 0.00011269
 0.0001     0.0001     0.00010464 0.00010957 0.0001     0.00010089
 0.0001054  0.0001     0.00010191 0.0001     0.0001     0.0001
 0.00010729 0.0001     0.00010598 0.0001     0.0001     0.0001
 0.00011238 0.00011401 0.00010097 0.00010819 0.00011287 0.00010717
 0.0001     0.00010659 0.0001     0.00010952 0.00011536 0.0001
 0.00011107 0.0001     0.0001     0.00010356]","[[ -0.7   0.  -10.   -0.5]
 [ -0.7   0.  -10.   -0.2]
 [ -0.7   0.  -10.   -0.5]
 [ -0.7   0.  -10.   -0.3]
 [ -0.7   0.  -10.   -0.5]]"
0.38926667107471336,0.3731173809290399,0.41169117987675136,0.285120258082526,0.6660953276566696,5.4361155240664925,7.376526380888404,9.278460211084212,3.887019813653367,2.0857667720164805,0.6464646464646465,0.6464646464646465,0.6464646464646465,0.6464646464646465,0.6464646464646465,0.10960000000000007,0.06000000000000015,0.06940000000000002,0.1299999999999999,0.1498000000000001,19,"[0.05200869 0.05200869 0.05200869 0.05198958 0.05200869 0.05200869
 0.05200869 0.05200869 0.05200869 0.05200869 0.05200869 0.05200869
 0.05200869 0.05200869 0.05200869 0.05200869 0.05200869 0.05200869
 0.05200869 0.05200869 0.05200869 0.05200869 0.05200869 0.05200869
 0.0350831  0.05200869 0.05200869 0.05200869 0.0452256  0.05200869
 0.0001952  0.01772234 0.05200869 0.05200869 0.04464411 0.02196201
 0.03889039 0.05200869 0.0001952  0.03783322 0.0001952  0.05200869
 0.04986534 0.04884349 0.05200869 0.03886725 0.02685112 0.04572611
 0.0001952  0.02396382 0.01271178 0.02682627 0.00016736 0.05061464
 0.00071927 0.05200869 0.05054253 0.0001952  0.0001952  0.03784366
 0.01672922 0.00196987 0.04466963 0.02376055 0.01121391 0.00975707
 0.0001     0.0001952  0.02616865 0.0001952  0.02854416 0.00013598
 0.00013759 0.05200869 0.01992321 0.03974908 0.04671611 0.0001952
 0.02205134 0.0001952  0.00935373 0.03201514 0.0001     0.00048079
 0.006275   0.04504272 0.03800609 0.0001     0.0001952  0.0001
 0.0001952  0.04218987 0.0001952  0.04194374 0.00219269 0.0001952
 0.01387175 0.0001952  0.0015655  0.0001    ]","[[-0.8457528   0.09807086 -1.         -1.        ]
 [-0.80212866  0.11071563 -1.         -1.        ]
 [-0.90792862  0.1024552  -1.         -1.        ]
 [-0.58119772  0.13390195 -1.         -1.        ]
 [-1.73476089  0.05563644 -1.         -1.        ]]"
0.06414973376366737,0.06140347596895813,0.06796933228383212,0.04652812456699033,0.11160734509877329,0.14788191589231506,7.137285923167546,8.828701040182505,0.1724628009445713,0.08546992267131197,1.0,1.0,1.0,1.0,1.0,1.0000000000000007,0.3172,0.4963,1.0000000000000007,1.0000000000000007,20,"[0.00881824 0.00881824 0.0082801  0.00711755 0.00881824 0.00881824
 0.00755695 0.00834784 0.00881824 0.00901325 0.00881824 0.0059887
 0.00887143 0.00892768 0.00761723 0.00881824 0.00881824 0.00901325
 0.00269248 0.00881824 0.00882507 0.00888799 0.00875326 0.00901325
 0.00891579 0.00872117 0.00374144 0.00886452 0.00896826 0.00881824
 0.00857175 0.00881824 0.00898343 0.00565718 0.00872117 0.00590791
 0.00602053 0.00867343 0.00777491 0.00529206 0.00803449 0.00139784
 0.00492213 0.00803941 0.00399733 0.00547798 0.00428276 0.00506736
 0.00881824 0.00205196 0.00382095 0.00015981 0.00122491 0.0059083
 0.00544181 0.00240711 0.00266752 0.00062951 0.00191127 0.0016588
 0.00887631 0.00431874 0.00451585 0.001246   0.00232144 0.00114822
 0.00046695 0.00586095 0.00374054 0.00237481 0.0012815  0.00174213
 0.00160714 0.00881824 0.00822155 0.00453776 0.00399334 0.00820952
 0.00275898 0.00343079 0.00129375 0.00016223 0.00163323 0.00321562
 0.00021191 0.00376225 0.00019996 0.00290229 0.00160606 0.0001
 0.0001     0.00221185 0.00019756 0.00371268 0.0003244  0.0035543
 0.00205157 0.0001     0.00019756 0.0047313 ]","[[-0.15  3.   -0.7  -0.8 ]
 [-0.25  5.   -0.7  -0.6 ]
 [-0.25  3.   -0.7  -0.8 ]
 [-0.15  5.   -0.7  -0.7 ]
 [-0.75  2.   -0.7  -0.7 ]]"
0.669740424187118,0.64452159552698,0.7044303578400544,0.5034343784672174,1.0750999520090656,5.658486535069392,7.534247568365107,9.467959147671483,4.0789451756969255,2.2669702862831507,0.6161616161616161,0.6161616161616161,0.6161616161616161,0.6161616161616161,0.6161616161616161,0.05110000000000005,0.030000000000000075,0.03999999999999998,0.061300000000000125,0.0699,21,"[0.09978509 0.09936254 0.09989556 0.09958038 0.09999544 0.0994281
 0.09993651 0.03253298 0.09950823 0.09946486 0.09952825 0.09933303
 0.09990383 0.09935998 0.09990999 0.09976767 0.09932467 0.09957138
 0.02011333 0.09932803 0.09681271 0.09999966 0.09992774 0.0005205
 0.0992905  0.09963244 0.09930169 0.09954285 0.09933626 0.09995681
 0.01957394 0.01192509 0.09930489 0.00082142 0.000919   0.09916038
 0.09907733 0.02414574 0.00054391 0.00083015 0.08373039 0.09968679
 0.00102413 0.07446805 0.09974387 0.00032237 0.00085191 0.09995964
 0.07455647 0.00057249 0.0003284  0.00017201 0.00079604 0.00057008
 0.00048655 0.02434196 0.09987935 0.01557612 0.0006632  0.00048784
 0.09816693 0.00025413 0.00029551 0.09991443 0.04186584 0.01991076
 0.07615023 0.00040958 0.0003801  0.00036752 0.07220984 0.00070222
 0.00097386 0.00034997 0.00049376 0.01889803 0.00072634 0.02757154
 0.00054894 0.09973313 0.00033774 0.00035513 0.0001431  0.00073329
 0.00659513 0.00058188 0.00065085 0.00019947 0.00021122 0.0002789
 0.00081319 0.00084258 0.0007361  0.00029517 0.00041717 0.00045125
 0.01927166 0.04691632 0.00075723 0.00080932]","[[-0.93937494  2.94186047 -0.8255814  -2.86604651]
 [-0.39735425  2.94186047 -0.61627907 -0.56465116]
 [-3.76946096 10.10465116 -0.86744186 -1.5972093 ]
 [-0.47988521  1.15116279 -0.63023256 -0.47302326]
 [-8.17242046  0.89534884 -0.99302326 -0.24511628]]"
0.0008772832256785845,0.0008318713357663731,0.0009420244281444201,0.00060211155497176,0.0018040343410807094,0.09529678148297259,0.1098045781531214,0.10350378085496205,0.1320050215570935,0.055675747337074,1.0,1.0,1.0,1.0,1.0,1.0000000000000007,1.0000000000000007,1.0000000000000007,1.0000000000000007,1.0000000000000007,22,"[0.0001     0.0001086  0.0001     0.00010396 0.00010961 0.00010513
 0.00010539 0.0001     0.00010242 0.0001     0.00010961 0.00010132
 0.0001     0.0001     0.0001     0.0001     0.0001     0.0001
 0.00010064 0.00011838 0.0001     0.00010474 0.0001     0.0001
 0.00010936 0.00010688 0.00010013 0.00011144 0.00010254 0.00011713
 0.00011008 0.0001     0.0001     0.0001     0.0001     0.0001
 0.00010237 0.0001185  0.00010295 0.0001     0.0001     0.00011539
 0.00010645 0.0001     0.00011954 0.0001     0.0001     0.0001041
 0.00010701 0.0001089  0.00010472 0.0001007  0.0001     0.00010114
 0.00010545 0.00010602 0.00011404 0.0001     0.00010555 0.00010444
 0.0001     0.00010623 0.0001     0.0001     0.00010824 0.0001
 0.0001     0.00010653 0.0001     0.0001     0.00010682 0.00010356
 0.0001     0.00011213 0.0001     0.0001     0.0001     0.00010474
 0.00011721 0.0001     0.0001     0.0001     0.00010326 0.00010929
 0.00011057 0.00010842 0.0001     0.00011114 0.0001     0.000102
 0.00011954 0.0001     0.0001     0.00010855 0.00010645 0.0001103
 0.00010278 0.00010289 0.00010611 0.00010171]","[[-0.50113221  7.80232558 -0.72790698 -1.94325581]
 [-0.71109358 10.36046512 -0.78372093 -0.43069767]
 [-0.59877293  9.84883721 -0.4627907  -4.71162791]
 [-0.66226075  0.89534884 -0.60232558 -1.52139535]
 [-4.56245581  7.54651163 -0.67209302 -1.79488372]]"
0.7517414411340584,0.7210440683778212,0.7941968854283739,0.5520232850234906,1.2635368922820964,5.707669193233297,7.68622900749326,9.637235968920352,4.092047225984648,2.277323642094251,0.5555555555555556,0.5555555555555556,0.5555555555555556,0.5555555555555556,0.5555555555555556,0.05120000000000006,0.030000000000000075,0.03999999999999998,0.06080000000000014,0.0698,23,"[0.09989036 0.1        0.09989036 0.09989036 0.1        0.09989036
 0.09989036 0.09989036 0.09989036 0.09989036 0.1        0.1
 0.09989036 0.09989036 0.1        0.1        0.1        0.1
 0.1        0.09989036 0.09989036 0.1        0.1        0.09989036
 0.09989036 0.09989036 0.07802529 0.09989036 0.09989036 0.09989036
 0.08863633 0.08072538 0.09989036 0.09989036 0.08530192 0.0001
 0.09989036 0.0211136  0.09990879 0.1        0.1        0.08124768
 0.03336682 0.00020964 0.03445321 0.0001     0.04017356 0.06838749
 0.08593158 0.00020964 0.01231176 0.0683441  0.0628613  0.02499096
 0.0001     0.01260831 0.04438679 0.0001     0.1        0.02423539
 0.1        0.0001     0.0281912  0.03345303 0.00020964 0.01318888
 0.03872533 0.04651776 0.08282738 0.04592056 0.00020964 0.0001
 0.07030077 0.0001     0.0001     0.01120926 0.0001     0.0001
 0.03991693 0.02613361 0.02016936 0.08830725 0.03870879 0.00020964
 0.04400444 0.00020964 0.0510848  0.0001     0.00020964 0.0001
 0.0001     0.08705322 0.00020964 0.03079301 0.04099437 0.0001
 0.02836449 0.0001     0.0001     0.0001    ]","[[-0.57924815  0.01644015 -1.         -1.        ]
 [-1.01362793  0.02965281 -1.         -1.        ]
 [-1.05876604  0.01663382 -1.         -1.        ]
 [-0.58515346  0.0429573  -1.         -1.        ]
 [-1.73476089  0.05544663 -1.         -1.        ]]"
0.8321846657075044,0.7900384191834835,0.8921032850073283,0.575152296395661,1.6759621401602975,5.751629250169802,7.832785454087735,9.905771234099474,4.106337035764683,2.2832606786103042,0.8383838383838383,0.8383838383838383,0.8383838383838383,0.8383838383838383,0.8383838383838383,0.050900000000000056,0.030000000000000075,0.03999999999999998,0.06100000000000013,0.0699,24,"[0.09999515 0.09999982 0.0999482  0.09996555 0.09987924 0.09994029
 0.099865   0.09996679 0.08767627 0.09985702 0.09996681 0.09986535
 0.09991325 0.09999911 0.09999971 0.09985425 0.09999933 0.09971098
 0.09989753 0.09983224 0.09985413 0.09995587 0.09986998 0.09999964
 0.09973323 0.09974171 0.09994076 0.09986933 0.09988022 0.09999251
 0.09988224 0.09971387 0.09976931 0.09983245 0.09995265 0.09997338
 0.09999937 0.09999945 0.09992891 0.09992558 0.07610624 0.06806954
 0.0999716  0.09989816 0.05544863 0.09968174 0.09968732 0.09971979
 0.09990885 0.08165013 0.09983245 0.09968671 0.09988004 0.0999167
 0.09999146 0.09933382 0.09973024 0.09994884 0.09980397 0.09982707
 0.09993928 0.09955496 0.09979275 0.04990528 0.09999693 0.09954383
 0.09985613 0.09987964 0.09958647 0.0999358  0.09965202 0.07926162
 0.0880839  0.09964446 0.09995319 0.09991612 0.09963637 0.09969564
 0.09987448 0.08357814 0.09982592 0.09979852 0.09980569 0.06771478
 0.09999652 0.0256487  0.08116953 0.09935925 0.09968924 0.09994219
 0.07771104 0.07740639 0.06801432 0.09978517 0.08209264 0.00054671
 0.07197423 0.09550703 0.09959339 0.09988804]","[[-0.6815851   4.73255814 -0.99302326 -0.78976744]
 [-0.44217416  6.26744186 -0.50465116 -0.81023256]
 [-0.72072247  4.22093023 -0.47674419 -0.6744186 ]
 [-0.8446363   0.12790698 -0.97906977 -1.38465116]
 [-5.96633095  2.68604651 -0.54651163 -0.65534884]]"
0.7001165189089917,0.6748227016140977,0.7347013080742885,0.5307138972369847,1.0932362254978538,5.682513602456086,7.613863552457121,9.400489460947746,4.084578493594277,2.2757957858310904,0.7171717171717171,0.7171717171717171,0.7171717171717171,0.7171717171717171,0.7171717171717171,0.05060000000000004,0.030000000000000075,0.03999999999999998,0.06060000000000015,0.0698,25,"[0.09981401 0.09987398 0.09990553 0.09995718 0.09984139 0.09989795
 0.09989605 0.09978838 0.09966882 0.09981422 0.09977655 0.0997409
 0.09976364 0.09965862 0.09960562 0.09980272 0.09976367 0.09985267
 0.09976362 0.09969316 0.0996225  0.09965179 0.0995817  0.09962382
 0.09978418 0.09954507 0.02635387 0.08343718 0.09672501 0.09972245
 0.09971864 0.09946302 0.04073149 0.05696118 0.00028374 0.01116663
 0.0146313  0.06402683 0.00041765 0.02617393 0.02519465 0.000315
 0.00038038 0.01389673 0.09943769 0.04553279 0.08190802 0.02344555
 0.04498121 0.06895309 0.0082052  0.03204717 0.00042162 0.00040603
 0.00017656 0.00054265 0.00033417 0.00351192 0.01773309 0.00048266
 0.09781174 0.00028444 0.00044492 0.00037056 0.00018203 0.00039471
 0.00047302 0.00383762 0.00309452 0.05634818 0.04499249 0.00064964
 0.0004294  0.01898745 0.000296   0.00024815 0.02244217 0.0329704
 0.00050488 0.01574449 0.00035531 0.00032293 0.05225324 0.07003236
 0.07206461 0.0004016  0.00033026 0.00483802 0.00033397 0.0113067
 0.02788322 0.00021614 0.00023534 0.0002575  0.00032836 0.00047018
 0.00025203 0.00030063 0.03082994 0.00032558]","[[-1.02030934  6.75       -0.43181818 -0.82909091]
 [-3.50947506  2.08333333 -0.79545455 -0.87636364]
 [-3.34725687 10.08333333 -0.71363636 -1.50545455]
 [-2.119681    0.58333333 -0.89545455 -1.45060606]
 [-3.25126074  1.41666667 -0.50454545 -1.74757576]]"
0.7355300582883658,0.7059688443823682,0.7764117536606169,0.5430958444749274,1.2287760233056002,5.667170597943655,7.676129803565192,9.615171542506046,4.067173670950972,2.271002962678019,0.5454545454545454,0.5454545454545454,0.5454545454545454,0.5454545454545454,0.5454545454545454,0.05040000000000004,0.030000000000000075,0.03999999999999998,0.06140000000000012,0.07,26,"[0.1        0.1        0.1        0.1        0.1        0.1
 0.1        0.1        0.1        0.1        0.1        0.1
 0.1        0.1        0.1        0.1        0.1        0.1
 0.1        0.1        0.1        0.1        0.1        0.1
 0.03624436 0.1        0.06691066 0.1        0.00706978 0.1
 0.1        0.1        0.1        0.04531161 0.04803056 0.02477889
 0.09611743 0.07241494 0.1        0.07081064 0.1        0.1
 0.05965076 0.0269807  0.07745967 0.01647569 0.00546335 0.04406866
 0.08491954 0.00019727 0.1        0.00906854 0.03912207 0.00976967
 0.09452827 0.08734638 0.03170221 0.03108997 0.00019727 0.04175208
 0.02522483 0.0331158  0.00019727 0.00019727 0.00019755 0.00019727
 0.01817842 0.00019727 0.00019727 0.00019727 0.00019727 0.01115357
 0.00019727 0.05749697 0.0688377  0.00019727 0.08852895 0.038332
 0.06740173 0.02858138 0.00019727 0.08942339 0.02722514 0.00029504
 0.06254634 0.00019727 0.00019727 0.00019727 0.00019727 0.00019727
 0.00716163 0.01743176 0.01232718 0.06824446 0.07741941 0.00019727
 0.0001     0.02461021 0.00019727 0.0014296 ]","[[-0.29813457  5.75581395 -0.68604651 -3.90418605]
 [-0.18118523  1.15116279 -0.76976744 -0.05116279]
 [-4.17420703  8.05813953 -0.78372093 -2.63534884]
 [-0.08880449  2.1744186  -0.78372093 -0.15395349]
 [-3.76024145  7.03488372 -0.85348837 -1.47581395]]"
0.0008639980920828036,0.0008192833951322464,0.0009277518932776894,0.0005931188659428222,0.0017769294583272934,0.09528008836256058,0.11109968914457728,0.1039088244962982,0.13180693411760672,0.05562812502521892,1.0,1.0,1.0,1.0,1.0,1.0000000000000007,1.0000000000000007,1.0000000000000007,1.0000000000000007,1.0000000000000007,27,"[0.0001     0.00011175 0.0001     0.0001     0.0001     0.0001
 0.0001     0.0001     0.0001     0.0001     0.00011325 0.0001
 0.00010592 0.00010185 0.00010241 0.0001     0.0001     0.0001
 0.0001     0.0001     0.0001     0.0001     0.0001     0.0001
 0.0001     0.0001     0.0001     0.0001     0.00010905 0.00010669
 0.00010435 0.0001     0.0001     0.00011612 0.00010893 0.00011269
 0.0001     0.00010185 0.0001     0.0001036  0.0001     0.0001
 0.0001     0.0001     0.0001     0.0001068  0.00010161 0.00010476
 0.00010438 0.00010282 0.0001     0.0001     0.0001     0.00010641
 0.0001     0.0001     0.00011179 0.0001     0.00010151 0.0001
 0.00010108 0.00011548 0.00011012 0.00010391 0.00010211 0.0001
 0.0001     0.0001     0.0001     0.00010569 0.0001     0.00011208
 0.0001     0.0001     0.00010455 0.00011954 0.0001     0.00010454
 0.0001     0.0001     0.0001     0.00010688 0.0001     0.0001
 0.0001     0.0001047  0.00011954 0.0001     0.0001     0.0001
 0.0001     0.00010218 0.00011207 0.0001     0.0001     0.0001
 0.0001     0.00010141 0.0001     0.0001    ]","[[-0.7180546   0.12790698 -0.76976744 -0.32837209]
 [-0.28613341  0.89534884 -0.79767442 -0.98883721]
 [-1.35512881  6.01162791 -0.54651163 -4.82697674]
 [-0.81315501  6.01162791 -0.74186047 -0.92883721]
 [-5.76577736  4.47674419 -0.76976744 -1.52139535]]"
0.7877860451305753,0.7520178605119416,0.8378737982966816,0.5618998453119617,1.4360344361807953,5.731271291283116,7.763922623183305,9.758659593542419,4.100518476172682,2.279347045574384,0.5757575757575758,0.5757575757575758,0.5757575757575758,0.5757575757575758,0.5757575757575758,0.05140000000000005,0.030000000000000075,0.03999999999999998,0.061500000000000124,0.06990000000000002,28,"[0.09992534 0.09962729 0.09978223 0.09950338 0.09980401 0.09958898
 0.09987322 0.09975048 0.09997762 0.09944911 0.0998546  0.09961465
 0.09949932 0.07756375 0.09950688 0.09976768 0.09949924 0.099743
 0.09990285 0.09993399 0.09938129 0.09962146 0.09954072 0.09984687
 0.09972454 0.09993446 0.09926841 0.08458709 0.08536767 0.09976566
 0.09888186 0.09964042 0.09989079 0.09985968 0.09938351 0.09931106
 0.05817784 0.09970035 0.09854484 0.09955654 0.09941196 0.05759548
 0.09954726 0.09936378 0.0923241  0.06348737 0.06130805 0.09892316
 0.07629505 0.07008376 0.00125514 0.0987533  0.00176358 0.02391082
 0.09969378 0.06163413 0.03791535 0.03874122 0.08210129 0.09970904
 0.09976448 0.09926873 0.01524334 0.05579366 0.06867846 0.02454535
 0.01040739 0.00092091 0.08354224 0.0014949  0.02104317 0.00122898
 0.09968513 0.06087356 0.00106202 0.03828816 0.00973721 0.04883047
 0.04522838 0.08806586 0.05665995 0.04798318 0.01627323 0.00065492
 0.08880168 0.01230414 0.00220612 0.03067575 0.03546775 0.08549712
 0.02564948 0.09945632 0.02496655 0.0575244  0.00144723 0.00080225
 0.05462289 0.09976813 0.0941988  0.09973653]","[[-1.17614919  4.47674419 -0.43488372 -1.71255814]
 [-0.68843479  4.73255814 -0.56046512 -0.7655814 ]
 [-0.51984637 10.36046512 -0.9372093  -2.40465116]
 [-0.50271907  9.08139535 -0.85348837 -1.24790698]
 [-7.57075969  1.15116279 -0.92325581 -1.74930233]]"
0.07230422461894713,0.06883094544777778,0.07721716509379004,0.05085876587032453,0.13972677423505078,0.15375483500711917,7.170642456224405,9.059976829155628,0.17592618685253122,0.08800478994818332,1.0,1.0,1.0,1.0,1.0,1.0000000000000007,0.2929000000000001,0.4203000000000002,1.0000000000000007,1.0000000000000007,29,"[0.00936802 0.00936802 0.00936802 0.00936802 0.00936802 0.00936802
 0.00728526 0.00936802 0.00814406 0.00806008 0.00936802 0.00936802
 0.00814406 0.00683612 0.00936802 0.00683612 0.00914428 0.00936802
 0.00936802 0.00905197 0.00936802 0.00805183 0.00885321 0.00936802
 0.00864973 0.00917411 0.00857447 0.00931889 0.009222   0.00936802
 0.00936802 0.00936802 0.00683612 0.00874997 0.00710072 0.00683612
 0.00617    0.00877003 0.00520118 0.00683612 0.00873125 0.00814729
 0.00848389 0.00806008 0.00936802 0.00888434 0.00886888 0.00845747
 0.00789959 0.00783949 0.00769823 0.00581567 0.00575734 0.00520118
 0.00643129 0.00806008 0.00642542 0.00098206 0.00683612 0.00691542
 0.00815636 0.00751579 0.00722478 0.00936802 0.00820586 0.00720263
 0.00746276 0.00510373 0.00683612 0.00412646 0.00768066 0.00826515
 0.00520118 0.00665526 0.00683612 0.0064314  0.00683612 0.00563483
 0.0064282  0.0067936  0.0074548  0.00892227 0.00661845 0.00520118
 0.0060672  0.00527688 0.00598819 0.00537312 0.00776478 0.00367246
 0.009277   0.00494056 0.00356095 0.00402207 0.00620048 0.0077455
 0.0067948  0.00719251 0.00761934 0.0075406 ]","[[-0.7944037   0.38372093 -0.61627907 -1.36651163]
 [-0.23365932  3.70930233 -0.78372093 -0.11813953]
 [-1.56394942  7.54651163 -0.68604651 -2.75069767]
 [-0.26989212  2.43023256 -0.99302326 -1.15674419]
 [-4.16134863  1.40697674 -0.61627907 -0.29069767]]"
0.8086330942303298,0.7706165980019225,0.862082485022165,0.5709333909122404,1.513298836472698,5.732520453956842,7.7706702181295695,9.801793218839107,4.1039128873736015,2.2817865354097995,0.5757575757575758,0.5757575757575758,0.5757575757575758,0.5757575757575758,0.5757575757575758,0.050500000000000045,0.030000000000000075,0.03999999999999998,0.06090000000000014,0.0698,30,"[0.1        0.1        0.1        0.1        0.1        0.1
 0.1        0.1        0.1        0.1        0.1        0.1
 0.1        0.1        0.1        0.1        0.1        0.1
 0.1        0.1        0.1        0.1        0.1        0.1
 0.1        0.1        0.07944101 0.09990632 0.1        0.1
 0.1        0.1        0.1        0.1        0.1        0.08216706
 0.1        0.1        0.08162132 0.09996195 0.1        0.03633683
 0.07486282 0.1        0.1        0.06198165 0.1        0.1
 0.1        0.06214297 0.07288193 0.09998347 0.1        0.07682343
 0.08443471 0.09849777 0.01222387 0.1        0.1        0.01613728
 0.1        0.1        0.00016013 0.05226934 0.06840754 0.09255288
 0.0001     0.08525156 0.04140206 0.1        0.06754676 0.08491105
 0.06795861 0.1        0.04492417 0.0556506  0.03186995 0.00010495
 0.08802749 0.01756549 0.08208921 0.06045992 0.01490021 0.0001
 0.0001611  0.01540041 0.0001     0.08565817 0.1        0.0001
 0.1        0.02675647 0.1        0.0620563  0.02354071 0.0001
 0.08354797 0.0967536  0.00567138 0.02892531]","[[-1.023451    1.91860465 -0.97906977 -0.21302326]
 [-0.37359024  5.75581395 -0.67209302 -0.52      ]
 [-3.23451429  9.59302326 -0.42093023 -0.6744186 ]
 [-0.37337077  3.45348837 -0.65813953 -0.47302326]
 [-2.95802708  4.98837209 -0.53255814 -1.11116279]]"
0.7463229878146478,0.7152029024573556,0.7895904287375833,0.5461498324904378,1.2855901033398711,5.694325766071627,7.7183246947476265,9.684064958281793,4.073983445408696,2.2653619198470323,0.46464646464646464,0.46464646464646464,0.46464646464646464,0.46464646464646464,0.46464646464646464,0.050700000000000044,0.030000000000000075,0.03999999999999998,0.06130000000000013,0.0699,31,"[0.1        0.1        0.1        0.1        0.1        0.1
 0.1        0.1        0.1        0.1        0.1        0.1
 0.1        0.1        0.1        0.1        0.1        0.1
 0.1        0.1        0.1        0.1        0.1        0.06422464
 0.03960405 0.07403026 0.1        0.1        0.1        0.06445609
 0.1        0.04824136 0.1        0.1        0.01716749 0.09903465
 0.05856566 0.1        0.04803346 0.08348213 0.1        0.09499244
 0.1        0.1        0.00757633 0.04910151 0.0001     0.03522716
 0.06221609 0.09360586 0.00103406 0.0001     0.1        0.0001
 0.0001     0.05761616 0.0001     0.0926805  0.1        0.06248621
 0.0155373  0.01530997 0.04042457 0.04231368 0.03134774 0.0673437
 0.0001     0.03304373 0.09744976 0.00406651 0.0001     0.0001
 0.04573648 0.09086959 0.00114547 0.02447961 0.0001     0.09638004
 0.01404671 0.01695488 0.06801848 0.0666651  0.0001     0.02770452
 0.0001     0.00267987 0.0692663  0.07332794 0.0001     0.0001
 0.01753591 0.00227175 0.1        0.0001     0.08765285 0.0001
 0.07468985 0.0001     0.01830993 0.0001    ]","[[-0.75622915  6.26744186 -0.40697674 -3.55813953]
 [-0.60097797  5.24418605 -0.88139535 -0.07348837]
 [-3.75656581  1.6627907  -0.50465116 -0.44372093]
 [-0.70967636  8.8255814  -0.42093023 -1.70372093]
 [-4.36190222  0.89534884 -0.58837209 -0.10837209]]"
0.0008591453481191432,0.0008149092597670915,0.0009221923712037126,0.0005908675223280349,0.0017605912001871357,0.09529095924417025,0.11037059676828803,0.1034544653348854,0.13201185224993195,0.055557464790312615,1.0,1.0,1.0,1.0,1.0,1.0000000000000007,1.0000000000000007,1.0000000000000007,1.0000000000000007,1.0000000000000007,32,"[0.0001033  0.0001     0.00010371 0.00010225 0.0001     0.00010126
 0.00010414 0.00010171 0.00010306 0.00010117 0.0001     0.00010216
 0.0001     0.0001     0.00010414 0.0001     0.00010024 0.00010045
 0.00010157 0.00010215 0.0001021  0.00010223 0.0001024  0.00010323
 0.0001     0.00010018 0.0001     0.0001     0.00010239 0.00010414
 0.0001     0.00010067 0.00010414 0.00010059 0.0001     0.00010033
 0.0001008  0.00010074 0.00010364 0.00010199 0.00010309 0.0001
 0.00010185 0.0001     0.00010229 0.0001006  0.00010414 0.00010039
 0.00010034 0.0001     0.0001     0.0001     0.000101   0.00010216
 0.0001     0.00010012 0.0001     0.0001034  0.0001007  0.00010236
 0.00010161 0.0001     0.00010392 0.00010169 0.00010094 0.0001
 0.00010279 0.00010287 0.0001012  0.00010414 0.00010211 0.0001
 0.00010081 0.00010234 0.00010199 0.00010077 0.00010132 0.0001
 0.00010414 0.00010203 0.00010172 0.0001     0.0001034  0.00010045
 0.00010274 0.00010276 0.00010245 0.00010033 0.0001     0.00010079
 0.0001     0.00010333 0.0001     0.00010275 0.0001     0.00010286
 0.00010128 0.0001     0.00010028 0.00010069]","[[ -0.2   0.   -1.  -10. ]
 [ -0.2   0.   -1.  -10. ]
 [ -0.2   0.   -1.  -10. ]
 [ -0.2   0.   -1.  -10. ]
 [ -0.2   0.   -1.  -10. ]]"
0.07625285869207829,0.07358501038357144,0.07991242800194982,0.05848211928059919,0.1187586742933719,0.16758958682130398,7.140867479654168,8.637035400979062,0.1888670788938915,0.09893356358553372,1.0,1.0,1.0,1.0,1.0,1.0000000000000007,0.23250000000000015,0.4412000000000003,1.0000000000000007,1.0000000000000007,33,"[0.01264491 0.01444083 0.00804504 0.00498567 0.0116663  0.01387356
 0.01244444 0.01418913 0.01335821 0.0111708  0.01444083 0.01049391
 0.01143821 0.01252579 0.0113619  0.00859273 0.00638839 0.01444083
 0.01406047 0.01273299 0.00782163 0.00357448 0.00731786 0.01271055
 0.00335205 0.0001217  0.00450272 0.01248791 0.00410385 0.00417816
 0.00228096 0.00690654 0.0014291  0.00364953 0.01041086 0.00501044
 0.0114853  0.00102833 0.00349053 0.01295244 0.00388858 0.0006953
 0.00654725 0.0020476  0.0001     0.0001     0.00638839 0.00731932
 0.0007987  0.00484556 0.00287453 0.00243587 0.00033727 0.00012466
 0.00029661 0.00471778 0.00287453 0.00495927 0.00208514 0.00200149
 0.00095468 0.0001     0.00073194 0.01061492 0.0001     0.00083577
 0.01079496 0.00219917 0.0018626  0.00385277 0.0001     0.0001
 0.00252708 0.00609965 0.00771129 0.00031638 0.0001     0.00716778
 0.00042423 0.00405159 0.0005527  0.00030665 0.00024996 0.00258279
 0.00042447 0.00093907 0.0001     0.00047313 0.00069945 0.00158999
 0.0001     0.00057468 0.00051681 0.00011329 0.0001     0.00199672
 0.0001     0.0001     0.0001     0.0001    ]","[[-0.15  3.   -0.7  -0.8 ]
 [-0.25  5.   -0.7  -0.6 ]
 [-0.25  3.   -0.7  -0.8 ]
 [-0.15  5.   -0.7  -0.7 ]
 [-0.75  2.   -0.7  -0.7 ]]"
0.0008745238841480691,0.0008291517902805239,0.0009391326272365086,0.000598799512094494,0.001793856292149954,0.09514906927550283,0.11036840278841113,0.10310929216101859,0.13196863138690967,0.05555645223192308,1.0,1.0,1.0,1.0,1.0,1.0000000000000007,1.0000000000000007,1.0000000000000007,1.0000000000000007,1.0000000000000007,34,"[0.0001     0.0001     0.0001     0.0001     0.0001     0.0001
 0.0001     0.0001     0.0001     0.0001     0.0001     0.0001
 0.0001     0.0001     0.0001     0.00014208 0.0001     0.00016469
 0.0001     0.0001     0.0001     0.0001     0.00010769 0.0001
 0.0001     0.0001     0.00012743 0.0001     0.0001     0.0001
 0.0001     0.00011733 0.0001     0.0001     0.0001     0.0001
 0.0001     0.0001     0.0001     0.0001     0.0001     0.0001
 0.00010474 0.0001     0.0001     0.0001     0.0001     0.0001
 0.0001     0.00013314 0.0001     0.00012486 0.0001     0.0001
 0.00010929 0.0001     0.0001082  0.0001     0.0001     0.0001
 0.0001     0.0001     0.0001     0.0001     0.0001     0.0001
 0.0001     0.0001     0.0001     0.0001     0.0001     0.0001
 0.0001     0.0001     0.0001     0.0001     0.00013929 0.0001
 0.0001     0.0001     0.0001     0.0001     0.0001     0.0001
 0.0001     0.0001     0.0001     0.0001     0.0001088  0.0001
 0.0001     0.00010737 0.0001     0.0001     0.0001     0.0001
 0.0001     0.00010185 0.0001     0.0001    ]","[[-1.44337103  2.1744186  -0.54651163 -1.13581395]
 [-0.11121977  6.26744186 -0.89534884 -0.74325581]
 [-1.45953911  0.38372093 -0.44883721 -3.67348837]
 [-0.45097975 10.61627907 -0.43488372 -0.51860465]
 [-3.35913426 10.10465116 -0.42093023 -0.65534884]]"
0.787134753190654,0.7517155158624274,0.836730134466625,0.5632896739663206,1.4289706450755808,5.713010996470696,7.7597994474475644,9.764295721357,4.099236366541842,2.2815233309496055,0.5858585858585859,0.5858585858585859,0.5858585858585859,0.5858585858585859,0.5858585858585859,0.05060000000000004,0.030000000000000075,0.03999999999999998,0.06090000000000013,0.06940000000000002,35,"[0.1        0.1        0.1        0.09990244 0.1        0.09990244
 0.1        0.1        0.1        0.1        0.09990244 0.1
 0.1        0.1        0.1        0.09990244 0.09990244 0.1
 0.1        0.1        0.1        0.1        0.1        0.1
 0.1        0.1        0.1        0.1        0.1        0.08187137
 0.07419353 0.1        0.1        0.03166005 0.09990244 0.1
 0.02377753 0.09785822 0.09990244 0.1        0.1        0.08719782
 0.1        0.08662653 0.09062315 0.1        0.04384615 0.1
 0.1        0.01044709 0.01060604 0.01974892 0.03663724 0.04574252
 0.0770389  0.06636089 0.04760692 0.07772821 0.07773411 0.1
 0.0848971  0.09620755 0.01412607 0.00019756 0.0947471  0.00019756
 0.06954421 0.09112062 0.08288017 0.00019756 0.00794515 0.1
 0.1        0.00019756 0.00667365 0.06590914 0.0156527  0.00019756
 0.06586614 0.0001     0.05345327 0.0001     0.02351485 0.09990244
 0.05245617 0.08911772 0.05702633 0.03008767 0.0001     0.09395221
 0.06239147 0.07262431 0.0083264  0.07750953 0.00019756 0.00019756
 0.02059299 0.00019756 0.07029324 0.1       ]","[[-0.75622915  6.26744186 -0.40697674 -3.55813953]
 [-0.60097797  5.24418605 -0.88139535 -0.07348837]
 [-3.75656581  1.6627907  -0.50465116 -0.44372093]
 [-0.70967636  8.8255814  -0.42093023 -1.70372093]
 [-4.36190222  0.89534884 -0.58837209 -0.10837209]]"
0.18840540245633094,0.18120492210054676,0.19828818230698883,0.1407347885810305,0.3023433465116828,5.259312002391201,7.167581811051796,9.071840873906291,0.325968093682767,0.17918998692141516,0.9797979797979798,0.9797979797979798,0.9797979797979798,0.9797979797979798,0.9797979797979798,0.3126999999999999,0.10950000000000008,0.1299999999999999,0.9959000000000007,1.0000000000000007,36,"[0.02623643 0.02633416 0.02604623 0.02643375 0.02652852 0.02614193
 0.02652852 0.02652852 0.02623643 0.02619016 0.0262367  0.02616168
 0.02652852 0.02652824 0.02632565 0.02190556 0.02633601 0.01532817
 0.02652824 0.02633416 0.02619183 0.02633389 0.01459135 0.02660254
 0.01595595 0.02652824 0.02652852 0.02150862 0.02360757 0.02435536
 0.02594727 0.02129739 0.02633601 0.02408217 0.02652824 0.01598974
 0.00745509 0.02025504 0.00105207 0.02623643 0.02652852 0.00065103
 0.02007522 0.00117302 0.00555129 0.02227446 0.02623643 0.00969516
 0.00058333 0.00575786 0.00101166 0.01621116 0.00092371 0.00143159
 0.00177466 0.00179457 0.00058333 0.00165263 0.00436765 0.01707717
 0.00048672 0.0003903  0.00068136 0.00058494 0.00083762 0.00071527
 0.00157257 0.00506932 0.00086515 0.0010071  0.00068136 0.00495974
 0.01845515 0.00066883 0.001103   0.00084782 0.00068136 0.00068155
 0.00112498 0.01169409 0.0124167  0.00077872 0.00048842 0.00102922
 0.00131588 0.00083235 0.01081263 0.00107813 0.00077853 0.00090813
 0.00058333 0.00463192 0.00078332 0.00048842 0.00068941 0.00087142
 0.00068155 0.00792826 0.00673997 0.02325741]","[[-1.40519648  8.05813953 -0.56046512 -2.86604651]
 [-0.19867659  5.5        -0.85348837 -0.18511628]
 [-2.50364216 10.87209302 -0.92325581 -1.25116279]
 [-1.12359094  8.56976744 -0.92325581 -1.11116279]
 [-0.55138398  8.56976744 -0.4627907  -1.38465116]]"
0.8119976365906225,0.7728521399700341,0.86732659255404,0.569941136126125,1.5664875251330803,5.725609330648779,7.786909742829001,9.824305821956774,4.103283265342024,2.2826267207684836,0.7272727272727273,0.7272727272727273,0.7272727272727273,0.7272727272727273,0.7272727272727273,0.05070000000000006,0.030000000000000075,0.03999999999999998,0.061500000000000124,0.0699,37,"[0.09980498 0.09990254 0.09980498 0.09980498 0.09990244 0.09990254
 0.09990244 0.09980498 0.09990244 0.09980498 0.09980498 0.09980498
 0.09980498 0.09980498 0.1        0.09990244 0.09980849 0.09980498
 0.09980498 0.09980498 0.09980498 0.09980498 0.09980498 0.09980498
 0.09983994 0.09980498 0.09990244 0.09990254 0.09980592 0.09980498
 0.09980498 0.09980498 0.09980498 0.0001     0.08538788 0.09980498
 0.09990254 0.09980498 0.09980498 0.09980498 0.09980498 0.04800431
 0.05240186 0.07440961 0.09990254 0.09980498 0.09980498 0.09980498
 0.09980498 0.09980498 0.0837444  0.09981634 0.09877857 0.03733978
 0.09980498 0.05318342 0.06257317 0.0624862  0.09982053 0.09980498
 0.09548881 0.01563804 0.09980135 0.09980498 0.09990254 0.07348392
 0.07613703 0.09980498 0.09591879 0.09980498 0.09980498 0.08741375
 0.08008462 0.08809638 0.0525886  0.06187942 0.05753392 0.01234531
 0.09980498 0.07855511 0.06666632 0.05809067 0.0001     0.05672743
 0.03703675 0.09980498 0.04697653 0.07133133 0.06012767 0.05377521
 0.09980498 0.00019756 0.02800012 0.09980498 0.09990244 0.06168299
 0.04447725 0.06233349 0.0767699  0.08240593]","[[-0.64170551  4.73255814 -0.5744186  -4.59627907]
 [-0.25115069  1.40697674 -0.47674419 -0.20744186]
 [-4.48743794  9.84883721 -0.8255814  -1.71255814]
 [-0.55445839  1.40697674 -0.9372093  -1.47581395]
 [-2.15581271  5.75581395 -0.8255814  -0.15395349]]"
0.22512675974721316,0.21460349823547495,0.23991541953780504,0.15920714119513008,0.42047759366516385,5.331148126266852,7.268578389037871,9.19175893307294,3.8023440080404107,0.23048711606664418,0.7878787878787878,0.7878787878787878,0.7878787878787878,0.7878787878787878,0.7878787878787878,0.25010000000000016,0.10260000000000007,0.12350000000000018,0.3625000000000001,1.0000000000000007,38,"[0.02784974 0.02784974 0.02784974 0.02784974 0.02784974 0.02784974
 0.02784974 0.02784974 0.02784974 0.02784974 0.02784974 0.02784974
 0.02784974 0.02784974 0.02784974 0.02784974 0.02784974 0.02784974
 0.02784974 0.02784974 0.02784974 0.02784974 0.02784974 0.02784974
 0.02784974 0.02784974 0.02784974 0.02784974 0.02784974 0.02784974
 0.02784974 0.02784974 0.02784974 0.02784974 0.02784974 0.02784974
 0.0171763  0.02729551 0.02784974 0.02784974 0.02784974 0.02784974
 0.02252635 0.02784974 0.02784974 0.02784974 0.02784974 0.02671106
 0.00218367 0.02784974 0.02517972 0.0066821  0.02784974 0.00012977
 0.02784974 0.02696276 0.02784974 0.0038681  0.0001     0.00840186
 0.02784974 0.02784974 0.0001     0.02530374 0.00011001 0.02784974
 0.00017565 0.02784974 0.02113549 0.0089345  0.0074074  0.02424625
 0.01866063 0.0001     0.02417132 0.0001     0.02784974 0.01780182
 0.01342405 0.01027256 0.01560078 0.02784974 0.02019765 0.00745122
 0.01710103 0.02784974 0.0001     0.02784974 0.00934239 0.02365814
 0.00283488 0.01395688 0.00019753 0.02784974 0.0001102  0.02784974
 0.02625587 0.02784974 0.01773398 0.0001551 ]","[[-0.8457528   0.09807086 -1.         -1.        ]
 [-0.80212866  0.11071563 -1.         -1.        ]
 [-0.90792862  0.1024552  -1.         -1.        ]
 [-0.58119772  0.13390195 -1.         -1.        ]
 [-1.73476089  0.05563644 -1.         -1.        ]]"
0.08453136664638246,0.08101773201459345,0.08939138233143354,0.06169601442660522,0.14299505117836267,0.16957486083454684,7.145730023772466,9.050080738572941,0.18952630170438062,0.09845212657696523,1.0,1.0,1.0,1.0,1.0,1.0000000000000007,0.23260000000000003,0.3118999999999999,1.0000000000000007,1.0000000000000007,39,"[0.01203137 0.01203137 0.00536182 0.01203137 0.01203137 0.01203137
 0.01203137 0.00705992 0.01203137 0.01203137 0.01203137 0.01203137
 0.01193603 0.01203137 0.01203137 0.01203137 0.00812908 0.01203137
 0.01203137 0.01203137 0.01203137 0.01203137 0.01203137 0.00951425
 0.00636493 0.01203137 0.01203137 0.01203137 0.01203137 0.00789495
 0.00859962 0.01203137 0.01203137 0.01117861 0.01053385 0.01203137
 0.00019756 0.00478928 0.00791949 0.00940193 0.00019756 0.01184197
 0.01158962 0.0001     0.00624721 0.0069717  0.00162922 0.00019756
 0.00868149 0.00019756 0.00019756 0.00675671 0.01168272 0.01203137
 0.00332761 0.01203137 0.00632585 0.00861547 0.00624859 0.00019756
 0.00465144 0.00166265 0.00019756 0.00636704 0.00766338 0.0010654
 0.00019756 0.0001     0.00128871 0.00019756 0.00019756 0.00961491
 0.00037996 0.00019756 0.00019756 0.0001     0.00076208 0.00019756
 0.0115699  0.00019756 0.0001     0.00019756 0.00048595 0.00019756
 0.00019756 0.00451492 0.00019756 0.00669552 0.00456786 0.00019756
 0.0001     0.00019756 0.00019756 0.00419749 0.00019756 0.01187128
 0.00019756 0.00263103 0.00310073 0.0001    ]","[[-0.90892735  1.15116279 -0.42093023 -0.90511628]
 [-0.1462025  10.87209302 -0.44883721 -0.67627907]
 [-0.83307728  0.89534884 -0.58837209 -4.13488372]
 [-0.89076399  4.22093023 -0.63023256 -0.42744186]
 [-6.76854532  0.38372093 -0.65813953 -1.43023256]]"
0.7807844956640788,0.7461850234731461,0.8290972583815982,0.5608647119498618,1.3943096265948558,5.705015904130539,7.743143084923619,9.738361253357969,4.092186816207986,2.278631748969884,0.5959595959595959,0.5959595959595959,0.5959595959595959,0.5959595959595959,0.5959595959595959,0.05160000000000005,0.030000000000000075,0.03999999999999998,0.06080000000000014,0.06960000000000002,40,"[0.09989167 0.09985241 0.09994196 0.09980672 0.09995974 0.09994766
 0.0998156  0.09976315 0.09991259 0.09950808 0.09989797 0.09971516
 0.09978457 0.09963342 0.09979099 0.09976595 0.09990024 0.0996882
 0.09931346 0.09948379 0.09977166 0.09944504 0.09929838 0.09971544
 0.09972391 0.09928887 0.09925732 0.09938642 0.07845413 0.08760791
 0.03586913 0.09873352 0.09901114 0.09972212 0.08538249 0.09924202
 0.08599216 0.06424526 0.0934236  0.07249171 0.09967666 0.08435191
 0.09916953 0.09848761 0.08123749 0.06495495 0.09971156 0.00127199
 0.06935967 0.08473509 0.08475371 0.00073389 0.08038614 0.0576083
 0.08494939 0.02742127 0.09883974 0.02371564 0.08264782 0.02582399
 0.07102288 0.04276192 0.03672387 0.08938977 0.00133579 0.00097099
 0.04611079 0.0555961  0.012132   0.0639604  0.0464787  0.04332017
 0.06180568 0.01593974 0.08933886 0.06397759 0.00089832 0.04212867
 0.03118049 0.007856   0.01239034 0.00097263 0.0015694  0.00105331
 0.08219516 0.07065607 0.00292119 0.04282629 0.04686138 0.04022638
 0.03965895 0.09844909 0.04694258 0.00062667 0.00080132 0.00524018
 0.01327175 0.07049485 0.03336073 0.0363676 ]","[[-0.9471019   9.3372093  -0.4627907  -1.02046512]
 [-0.32111614  7.03488372 -0.9372093  -0.54232558]
 [-4.27861733  2.43023256 -0.72790698 -0.90511628]
 [-0.73554602  7.03488372 -0.71395349 -1.43023256]
 [-4.56245581  9.08139535 -0.96511628 -0.74651163]]"
0.1742185271526264,0.16691003427172682,0.18443297078474258,0.12778472006608282,0.30509352648910226,0.4597708744870124,7.210010270829652,9.132388007835253,0.2631325038346568,0.15395678320789746,1.0,1.0,1.0,1.0,1.0,0.9760000000000006,0.11660000000000022,0.14310000000000006,1.0000000000000007,1.0000000000000007,41,"[0.02533017 0.02523262 0.02523262 0.02533017 0.02531672 0.02533017
 0.02533017 0.02523262 0.02047191 0.02524184 0.02150535 0.02533017
 0.01239722 0.02533017 0.02133528 0.00848366 0.02383775 0.02533017
 0.01675493 0.01263374 0.02523262 0.02523262 0.02116459 0.02523262
 0.01897913 0.01580458 0.01809273 0.02529636 0.0086156  0.01597032
 0.02090775 0.02187292 0.01849222 0.01321903 0.01456883 0.01366414
 0.01608192 0.02202263 0.01746678 0.01045455 0.01829353 0.02523262
 0.01131506 0.0138757  0.00848366 0.01541794 0.02523262 0.01490574
 0.02367724 0.01427558 0.00897338 0.00838611 0.00838611 0.0190982
 0.01618011 0.01606206 0.00848366 0.00848366 0.00941377 0.00848366
 0.00678428 0.02533017 0.00605602 0.00860701 0.00838611 0.01565804
 0.00838611 0.01296037 0.00838611 0.00634835 0.01636543 0.00371066
 0.01620537 0.00508196 0.00848366 0.0001     0.00640434 0.00133745
 0.00838611 0.01653825 0.01664718 0.02533017 0.00840645 0.00847806
 0.00405322 0.00857124 0.00848366 0.00848366 0.01002022 0.01720929
 0.00838611 0.00326897 0.00369655 0.00010089 0.0001     0.00769532
 0.00410839 0.00479984 0.00838611 0.0062647 ]","[[-1.51972013  3.70930233 -0.78372093 -3.67348837]
 [-0.21616796  9.84883721 -0.60232558 -0.85488372]
 [-2.29482155  8.8255814  -0.56046512 -0.32837209]
 [-0.42511009  9.3372093  -0.51860465 -0.9744186 ]
 [-4.963563    3.96511628 -0.49069767 -1.20232558]]"
0.7840130147508375,0.7481575824735658,0.8344697513807097,0.5595913797455462,1.4596833941368599,5.715452120939603,7.685425447062682,9.697006934952082,4.1011128709619795,2.280755331844366,0.5656565656565656,0.5656565656565656,0.5656565656565656,0.5656565656565656,0.5656565656565656,0.05080000000000004,0.030000000000000075,0.03999999999999998,0.06140000000000013,0.07,42,"[0.09948425 0.09991003 0.09969897 0.09931449 0.09994928 0.09967143
 0.09950919 0.09976902 0.09964892 0.09968895 0.09978732 0.09973782
 0.09927421 0.0996721  0.0990268  0.09984536 0.09958167 0.09978592
 0.09940247 0.09993495 0.09934831 0.09913067 0.09937903 0.09945869
 0.09909857 0.09971312 0.09936257 0.09883249 0.09919513 0.09939774
 0.09947895 0.09965874 0.00231237 0.09931879 0.09886927 0.09063897
 0.02373018 0.09989684 0.09868354 0.01468995 0.09256013 0.03539851
 0.09891237 0.09937547 0.09882066 0.00168884 0.09983037 0.03216731
 0.00817527 0.09904817 0.09989364 0.04897583 0.02706917 0.05517769
 0.05311398 0.09417334 0.09948502 0.09928489 0.06326584 0.09701127
 0.0606004  0.09176091 0.07470951 0.00739798 0.09321198 0.09939901
 0.06111849 0.06484621 0.09872261 0.02624818 0.06399956 0.01396512
 0.00145946 0.05508019 0.01443907 0.08049322 0.09861783 0.09894226
 0.06838996 0.08750957 0.03560644 0.0290578  0.05303805 0.09892759
 0.09869863 0.05855685 0.04613287 0.08893157 0.07356265 0.06986671
 0.05082884 0.06895081 0.04323192 0.02924075 0.08819917 0.05365091
 0.01198891 0.01767756 0.0945118  0.04658784]","[[-2.139382    7.94444444 -0.83333333 -1.41777778]
 [-3.79060754  6.72222222 -0.43333333 -0.30666667]
 [-0.79827385  5.5        -0.96666667 -2.52      ]
 [-2.42999049  3.05555556 -0.96666667 -1.67333333]
 [-8.19470419 10.38888889 -0.63333333 -1.23777778]]"
0.1895446043581724,0.18279706037389085,0.19888377824876582,0.14559461955502462,0.30322031742422734,1.456440083330392,7.206927029144708,9.111902510896071,0.2842973002641765,0.18937707550390734,0.7878787878787878,0.7878787878787878,0.7878787878787878,0.7878787878787878,0.7878787878787878,0.8640000000000004,0.09389999999999997,0.11070000000000012,1.0000000000000007,1.0000000000000007,43,"[0.03418714 0.03373173 0.03350253 0.03421649 0.03421649 0.03421649
 0.00893331 0.0332985  0.03209639 0.03421649 0.03295411 0.01055092
 0.01192655 0.0317498  0.02561235 0.02767344 0.00814206 0.03222589
 0.00658528 0.01246065 0.00889835 0.03343967 0.00937296 0.03287756
 0.00815329 0.02993204 0.00771377 0.02977158 0.02365776 0.02085994
 0.00792715 0.00424557 0.00825976 0.01070544 0.02057082 0.00843647
 0.0294798  0.00789012 0.00724718 0.00658528 0.02495671 0.01128472
 0.01127265 0.00429557 0.00315539 0.02818958 0.00211389 0.02053066
 0.00095697 0.03079049 0.03256178 0.009691   0.00933067 0.00075389
 0.00461349 0.00746689 0.01237963 0.00675071 0.00198824 0.0063557
 0.01672646 0.00403261 0.02266412 0.00603473 0.00666744 0.02039292
 0.0001     0.00600661 0.00019002 0.00527225 0.0288399  0.00448756
 0.00798844 0.00658528 0.00387572 0.00085729 0.00019002 0.01171841
 0.00171652 0.00332516 0.00742123 0.0001     0.00231417 0.00288727
 0.00724718 0.00119101 0.00130001 0.00365556 0.00656165 0.00237467
 0.00313603 0.00339348 0.0032685  0.00024228 0.00818249 0.00540648
 0.0048183  0.00443138 0.00638802 0.00459688]","[[-3.53230333 10.38888889 -0.43333333 -4.72444444]
 [-2.03032164  3.05555556 -0.63333333 -0.2       ]
 [-2.79367078  3.05555556 -0.43333333 -3.62222222]
 [-0.84333016  7.94444444 -0.9        -1.89111111]
 [-6.27830321  0.61111111 -0.5        -1.89111111]]"
0.7706337421702643,0.7369203140605798,0.8177302524087952,0.5562483700900375,1.3735293735484513,5.710439315794575,7.740084422797624,9.70881083995248,4.08655818309698,2.273922621560275,0.5252525252525253,0.5252525252525253,0.5252525252525253,0.5252525252525253,0.5252525252525253,0.051100000000000055,0.030000000000000075,0.03989999999999998,0.061200000000000115,0.07,44,"[0.09989054 0.09989176 0.09996118 0.09991186 0.09989316 0.09995334
 0.0997553  0.09995152 0.09993782 0.0999255  0.09973038 0.09970022
 0.1        0.09968557 0.09994533 0.09979555 0.09997479 0.09982491
 0.09985018 0.09997117 0.09974395 0.09956081 0.09924876 0.09980989
 0.09984919 0.05449752 0.09979729 0.09973551 0.03502075 0.09965505
 0.09971591 0.09902008 0.09944364 0.07550806 0.09983696 0.0995879
 0.09826265 0.08631111 0.04784385 0.08668539 0.09973324 0.09523154
 0.09994087 0.03961512 0.01408679 0.00102008 0.00067076 0.09876624
 0.0998152  0.05693409 0.00053079 0.05211759 0.09232854 0.09704912
 0.04949299 0.04065712 0.09942187 0.00103274 0.07987394 0.09667506
 0.09935466 0.00019264 0.00087605 0.0004915  0.00085541 0.00548766
 0.09955316 0.09978172 0.0259486  0.04271745 0.09236505 0.05889045
 0.02978904 0.05657876 0.04017939 0.09944947 0.04145025 0.00095897
 0.00079519 0.00069539 0.09960249 0.00830534 0.05943364 0.00054938
 0.01109148 0.01696898 0.09971607 0.00042123 0.09978335 0.00027512
 0.03402449 0.00018755 0.09180576 0.05344704 0.00080298 0.08006706
 0.00399097 0.0677518  0.00045769 0.08587009]","[[-3.06799622  0.61111111 -0.7        -2.52      ]
 [-2.91046459  0.61111111 -0.76666667 -0.62666667]
 [-3.29252001  7.94444444 -0.7        -1.96888889]
 [-2.11265842  1.83333333 -0.83333333 -1.02      ]
 [-2.44550123  3.05555556 -0.9        -0.58444444]]"
0.4335068876391214,0.4114412866106746,0.4649006390096627,0.2991248146853585,0.8783648099233932,5.499254611792579,7.48454057502065,9.480821400198723,3.920967799604896,2.1171079447582706,0.9393939393939394,0.9393939393939394,0.9393939393939394,0.9393939393939394,0.9393939393939394,0.11000000000000008,0.06000000000000015,0.06940000000000002,0.13149999999999984,0.1500000000000001,45,"[0.05156996 0.05175791 0.05156275 0.05140911 0.05157239 0.05147303
 0.05150119 0.05165364 0.05163877 0.05167698 0.05131343 0.05157142
 0.05150286 0.05131594 0.05175678 0.05175383 0.05156549 0.05175452
 0.05184424 0.05171793 0.05175452 0.05159611 0.05175452 0.05159611
 0.05157019 0.0514707  0.05165971 0.05165931 0.05175663 0.05167442
 0.05167442 0.05158258 0.05165863 0.05165452 0.05158162 0.05158172
 0.05138067 0.05165971 0.05156353 0.05175383 0.05166479 0.04395517
 0.05149993 0.05157142 0.05158454 0.05147673 0.05147788 0.05156618
 0.05138257 0.05158396 0.05174935 0.05166752 0.05150389 0.05165863
 0.04037664 0.05166127 0.04504735 0.05165971 0.01946954 0.05135925
 0.05157052 0.05167713 0.05156745 0.05147792 0.0435751  0.05157329
 0.05174942 0.05167487 0.05157339 0.02114669 0.05157842 0.05167894
 0.05167487 0.04347896 0.05166166 0.05175383 0.0262891  0.05150035
 0.05150374 0.05089807 0.05167667 0.05150178 0.05161528 0.05174237
 0.05158177 0.04368727 0.05165971 0.04596716 0.05175595 0.05139534
 0.05140581 0.05138498 0.04785609 0.05138257 0.03507692 0.05157142
 0.05157018 0.05148068 0.05138356 0.051568  ]","[[-0.74646067  9.16666667 -0.96666667 -3.07111111]
 [-1.15017869  5.5        -0.5        -0.09333333]
 [-1.29712308  6.72222222 -0.9        -0.86666667]
 [-1.79532636  6.72222222 -0.76666667 -0.14888889]
 [-4.36190222  9.16666667 -0.76666667 -0.80222222]]"
0.7615920690690284,0.7291153183736825,0.8068074174947728,0.5535401180044578,1.3271160652936986,5.70527743424965,7.695090846244807,9.67063849827258,4.093415136334093,2.2749825104388655,0.5454545454545454,0.5454545454545454,0.5454545454545454,0.5454545454545454,0.5454545454545454,0.050300000000000046,0.030000000000000075,0.03999999999999998,0.06040000000000015,0.07,46,"[0.1        0.1        0.1        0.1        0.1        0.1
 0.1        0.1        0.09990276 0.1        0.1        0.1
 0.1        0.1        0.1        0.1        0.1        0.1
 0.1        0.1        0.1        0.09990244 0.1        0.09990244
 0.1        0.08451906 0.07466199 0.1        0.1        0.09908656
 0.1        0.09869213 0.09195493 0.0001     0.1        0.00423087
 0.1        0.0051289  0.04395978 0.1        0.03624492 0.1
 0.09039421 0.09990244 0.1        0.1        0.03310949 0.02081759
 0.1        0.02700882 0.0001     0.1        0.08613914 0.0531996
 0.0001     0.1        0.03009725 0.04018804 0.03837688 0.04823398
 0.1        0.0884764  0.0001     0.00127264 0.03978286 0.07203527
 0.01601115 0.09428724 0.01575033 0.0001     0.1        0.0681145
 0.0001     0.06586323 0.0001     0.0001     0.0001     0.08637281
 0.0001     0.0001     0.03618578 0.07130887 0.1        0.05607421
 0.0001     0.01370545 0.0001     0.00736878 0.05261694 0.05235214
 0.01694023 0.0001     0.0001     0.0234328  0.06751653 0.0001
 0.0001     0.05328553 0.0001     0.0001    ]","[[-2.60368911  3.05555556 -0.76666667 -4.17333333]
 [-0.27003574 10.38888889 -0.83333333 -0.52      ]
 [-4.29021848  0.61111111 -0.5        -4.17333333]
 [-1.16066223  9.16666667 -0.63333333 -0.36666667]
 [-7.2365037   7.94444444 -0.7        -0.36666667]]"
0.33715095032438647,0.3262900943724789,0.3519040063546506,0.2630964432942626,0.49963525436316875,5.325395426799416,7.223087627190562,9.10662752685602,3.812459177661138,2.0119810761503265,0.8181818181818182,0.8181818181818182,0.8181818181818182,0.8181818181818182,0.8181818181818182,0.10710000000000008,0.06000000000000015,0.06920000000000001,0.1268,0.14430000000000012,47,"[0.05282957 0.05282957 0.05282957 0.05321924 0.05282957 0.05282957
 0.05282957 0.05282957 0.05282957 0.05282957 0.05282957 0.05283066
 0.05282957 0.05321924 0.05321924 0.05320656 0.05292684 0.05312196
 0.05312196 0.0004891  0.04175862 0.02395852 0.04971221 0.05292684
 0.02966863 0.04956219 0.04178426 0.04904257 0.0100102  0.00058676
 0.01560619 0.00955702 0.0428187  0.03426804 0.00058647 0.00058647
 0.00494402 0.02126128 0.01705199 0.00048891 0.04457072 0.00039135
 0.00845289 0.00044202 0.05282957 0.00048948 0.00040298 0.00039163
 0.00029407 0.01203113 0.00040121 0.03294134 0.0004891  0.00058647
 0.00646309 0.00058647 0.00743914 0.00037524 0.00039782 0.01134305
 0.01623626 0.00068374 0.00040238 0.00053924 0.00280262 0.00048891
 0.00029407 0.00029464 0.03479684 0.02007221 0.00783668 0.00039163
 0.00068374 0.00048891 0.00068374 0.02022606 0.01210179 0.00039163
 0.00039163 0.02258724 0.00039163 0.00041048 0.00019756 0.00039163
 0.00047013 0.00058676 0.00039163 0.00068374 0.0004891  0.00477239
 0.00039163 0.00058676 0.00029407 0.01956219 0.0004891  0.00048891
 0.02350357 0.00058676 0.0004891  0.00051459]","[[-3.99661044  1.83333333 -0.9        -1.96888889]
 [-3.35053606  7.94444444 -0.7        -0.94666667]
 [-3.79136925  1.83333333 -0.76666667 -4.72444444]
 [-2.74732255  0.61111111 -0.7        -1.45555556]
 [-5.32010271  4.27777778 -0.96666667 -1.45555556]]"
0.7971094237688626,0.7601423161784077,0.8491248734374924,0.5659207067310291,1.4912199431241635,5.7295478619366715,7.748758197626658,9.7393643984607,4.098499243909635,2.280572700321025,0.5353535353535354,0.5353535353535354,0.5353535353535354,0.5353535353535354,0.5353535353535354,0.05080000000000004,0.030000000000000075,0.03999999999999998,0.06080000000000014,0.06990000000000002,48,"[0.09987251 0.09991723 0.09987115 0.1        0.09990005 0.09965489
 0.09995259 0.09997249 0.09996657 0.09980587 0.09972394 0.09996748
 0.09989857 0.0995477  0.09973297 0.09974121 0.09975878 0.09988267
 0.09991796 0.09996838 0.09981336 0.09914008 0.099759   0.09958962
 0.09981735 0.09989975 0.09965534 0.09918662 0.09960315 0.09955676
 0.06192309 0.09950041 0.09958842 0.09956646 0.09929693 0.09954755
 0.09939049 0.08159134 0.09973198 0.02000811 0.09981954 0.09954932
 0.07660909 0.00194461 0.06346025 0.09933236 0.08574018 0.05301228
 0.0984938  0.07988088 0.09947522 0.09902902 0.00183247 0.0171529
 0.07791379 0.00188209 0.08460072 0.09854534 0.06343306 0.00164522
 0.09902861 0.07002456 0.09935927 0.04133146 0.09920059 0.09902047
 0.08756104 0.07520454 0.08507656 0.0995613  0.04326115 0.09878261
 0.0319083  0.08092337 0.06345529 0.04960195 0.03028126 0.00299418
 0.05341067 0.01993788 0.09844469 0.06653921 0.0019046  0.09909676
 0.02675934 0.0810088  0.04156116 0.09558728 0.02834334 0.07440604
 0.03824103 0.04554207 0.08925367 0.03029403 0.05818445 0.0275504
 0.0931743  0.00691759 0.09903772 0.08850673]","[[-1.21076778  6.72222222 -0.63333333 -0.31555556]
 [-2.47039311  9.16666667 -0.56666667 -0.73333333]
 [-1.79597231  4.27777778 -0.63333333 -0.31555556]
 [-0.20866603  5.5        -0.56666667 -0.80222222]
 [-3.40370173  6.72222222 -0.56666667 -1.02      ]]"
0.0008829889412862976,0.0008375579804240125,0.0009477385041253112,0.0006074108983628263,0.0018091819150676382,0.09599920816423807,0.10977952891590348,0.10403546897494237,0.13290050508214882,0.05576837004122365,1.0,1.0,1.0,1.0,1.0,1.0000000000000007,1.0000000000000007,1.0000000000000007,1.0000000000000007,1.0000000000000007,49,"[0.00010327 0.00010259 0.00011139 0.00010905 0.0001     0.0001
 0.0001     0.00010174 0.00010427 0.00010763 0.0001     0.00011182
 0.00010402 0.0001045  0.00010504 0.0001175  0.00011954 0.0001135
 0.0001     0.0001     0.0001     0.0001     0.00010002 0.00010395
 0.0001     0.0001     0.0001     0.0001     0.0001     0.0001
 0.00010996 0.0001     0.00011061 0.0001     0.00010737 0.0001
 0.0001     0.00011164 0.0001     0.0001     0.0001001  0.0001
 0.00010839 0.0001     0.0001     0.0001181  0.0001038  0.00011358
 0.00010957 0.00010059 0.0001     0.0001     0.00010289 0.00011041
 0.00010161 0.00011242 0.0001     0.0001052  0.0001     0.0001
 0.00010453 0.0001     0.00010138 0.0001     0.00010701 0.00010857
 0.00010249 0.00010022 0.00010668 0.0001     0.00011575 0.00011341
 0.0001     0.0001     0.0001     0.00011412 0.00011305 0.0001
 0.00010455 0.00011061 0.0001006  0.00010342 0.00010033 0.0001
 0.00010931 0.00010435 0.0001     0.00010117 0.0001043  0.00010552
 0.0001     0.00010459 0.00010679 0.00010192 0.00011602 0.0001
 0.00010901 0.0001067  0.0001     0.00011011]","[[-0.28215356  4.27777778 -0.56666667 -3.62222222]
 [-1.59025016  1.83333333 -0.96666667 -0.84      ]
 [-2.29482155 10.38888889 -0.83333333 -3.07111111]
 [-1.47799429 10.38888889 -0.5        -0.58444444]
 [-1.48730074  1.83333333 -0.83333333 -0.14888889]]"
